2026-02-13 18:12:11.762 [background-preinit] INFO  o.h.validator.internal.util.Version - HV000001: Hibernate Validator 8.0.1.Final
2026-02-13 18:12:11.831 [main] INFO  c.e.m.i.UserControllerIntegrationTest - Starting UserControllerIntegrationTest using Java 21.0.6 with PID 29700 (started by ift.praveen in D:\SPRING BOOT\modern-rest-service)
2026-02-13 18:12:11.832 [main] DEBUG c.e.m.i.UserControllerIntegrationTest - Running with Spring Boot v3.3.1, Spring v6.1.10
2026-02-13 18:12:11.834 [main] INFO  c.e.m.i.UserControllerIntegrationTest - No active profile set, falling back to 1 default profile: "default"
2026-02-13 18:12:14.376 [main] INFO  o.s.d.r.c.RepositoryConfigurationDelegate - Bootstrapping Spring Data JPA repositories in DEFAULT mode.
2026-02-13 18:12:14.510 [main] INFO  o.s.d.r.c.RepositoryConfigurationDelegate - Finished Spring Data repository scanning in 119 ms. Found 1 JPA repository interface.
2026-02-13 18:12:16.764 [main] INFO  com.zaxxer.hikari.HikariDataSource - HikariPool-1 - Starting...
2026-02-13 18:12:17.101 [main] INFO  com.zaxxer.hikari.pool.HikariPool - HikariPool-1 - Added connection org.postgresql.jdbc.PgConnection@248b2091
2026-02-13 18:12:17.105 [main] INFO  com.zaxxer.hikari.HikariDataSource - HikariPool-1 - Start completed.
2026-02-13 18:12:17.462 [main] INFO  liquibase.database - Set default schema name to public
2026-02-13 18:12:18.345 [main] INFO  liquibase.changelog - Creating database history table with name: public.databasechangelog
2026-02-13 18:12:18.423 [main] INFO  liquibase.changelog - Reading from public.databasechangelog
2026-02-13 18:12:18.672 [main] INFO  liquibase.lockservice - Successfully acquired change log lock
2026-02-13 18:12:18.676 [main] INFO  liquibase.command - Using deploymentId: 0973938676
2026-02-13 18:12:18.683 [main] INFO  liquibase.changelog - Reading from public.databasechangelog
2026-02-13 18:12:18.746 [main] INFO  liquibase.ui - Running Changeset: db/changelog/db.changelog-master.xml::001-create-users-table::developer
2026-02-13 18:12:18.776 [main] INFO  liquibase.changelog - Table users created
2026-02-13 18:12:18.779 [main] INFO  liquibase.changelog - ChangeSet db/changelog/db.changelog-master.xml::001-create-users-table::developer ran successfully in 30ms
2026-02-13 18:12:18.808 [main] INFO  liquibase.ui - Running Changeset: db/changelog/db.changelog-master.xml::002-create-orders-table::developer
2026-02-13 18:12:18.821 [main] INFO  liquibase.changelog - Table orders created
2026-02-13 18:12:18.828 [main] INFO  liquibase.changelog - Foreign key constraint added to orders (user_id)
2026-02-13 18:12:18.830 [main] INFO  liquibase.changelog - ChangeSet db/changelog/db.changelog-master.xml::002-create-orders-table::developer ran successfully in 21ms
2026-02-13 18:12:18.845 [main] INFO  liquibase.util - UPDATE SUMMARY
2026-02-13 18:12:18.845 [main] INFO  liquibase.util - Run:                          2
2026-02-13 18:12:18.846 [main] INFO  liquibase.util - Previously run:               0
2026-02-13 18:12:18.846 [main] INFO  liquibase.util - Filtered out:                 0
2026-02-13 18:12:18.846 [main] INFO  liquibase.util - -------------------------------
2026-02-13 18:12:18.846 [main] INFO  liquibase.util - Total change sets:            2
2026-02-13 18:12:18.849 [main] INFO  liquibase.util - Update summary generated
2026-02-13 18:12:18.854 [main] INFO  liquibase.command - Update command completed successfully.
2026-02-13 18:12:18.854 [main] INFO  liquibase.ui - Liquibase: Update has been successful. Rows affected: 2
2026-02-13 18:12:18.862 [main] INFO  liquibase.lockservice - Successfully released change log lock
2026-02-13 18:12:18.864 [main] INFO  liquibase.command - Command execution complete
2026-02-13 18:12:19.240 [main] INFO  o.h.jpa.internal.util.LogHelper - HHH000204: Processing PersistenceUnitInfo [name: default]
2026-02-13 18:12:19.398 [main] INFO  org.hibernate.Version - HHH000412: Hibernate ORM core version 6.5.2.Final
2026-02-13 18:12:19.490 [main] INFO  o.h.c.i.RegionFactoryInitiator - HHH000026: Second-level cache disabled
2026-02-13 18:12:20.287 [main] INFO  o.s.o.j.p.SpringPersistenceUnitInfo - No LoadTimeWeaver setup: ignoring JPA class transformer
2026-02-13 18:12:22.877 [main] INFO  o.h.e.t.j.p.i.JtaPlatformInitiator - HHH000489: No JTA platform available (set 'hibernate.transaction.jta.platform' to enable JTA platform integration)
2026-02-13 18:12:22.943 [main] INFO  o.s.o.j.LocalContainerEntityManagerFactoryBean - Initialized JPA EntityManagerFactory for persistence unit 'default'
2026-02-13 18:12:23.442 [main] INFO  o.s.s.c.a.a.c.InitializeAuthenticationProviderBeanManagerConfigurer$InitializeAuthenticationProviderManagerConfigurer - Global AuthenticationManager configured with AuthenticationProvider bean with name authenticationProvider
2026-02-13 18:12:23.444 [main] WARN  o.s.s.c.a.a.c.InitializeUserDetailsBeanManagerConfigurer$InitializeUserDetailsManagerConfigurer - Global AuthenticationManager configured with an AuthenticationProvider bean. UserDetailsService beans will not be used for username/password login. Consider removing the AuthenticationProvider bean. Alternatively, consider using the UserDetailsService in a manually instantiated DaoAuthenticationProvider.
2026-02-13 18:12:24.261 [main] INFO  o.s.d.j.r.query.QueryEnhancerFactory - Hibernate is in classpath; If applicable, HQL parser will be used.
2026-02-13 18:12:26.237 [main] WARN  o.s.b.a.o.j.JpaBaseConfiguration$JpaWebConfiguration - spring.jpa.open-in-view is enabled by default. Therefore, database queries may be performed during view rendering. Explicitly configure spring.jpa.open-in-view to disable this warning
2026-02-13 18:12:28.200 [main] INFO  o.s.b.a.e.web.EndpointLinksResolver - Exposing 3 endpoints beneath base path '/actuator'
2026-02-13 18:12:29.825 [main] DEBUG c.e.m.auth.JwtAuthenticationFilter - Filter 'jwtAuthenticationFilter' configured for use
2026-02-13 18:12:29.827 [main] INFO  o.s.b.t.m.w.SpringBootMockServletContext - Initializing Spring TestDispatcherServlet ''
2026-02-13 18:12:29.828 [main] INFO  o.s.t.w.s.TestDispatcherServlet - Initializing Servlet ''
2026-02-13 18:12:29.831 [main] INFO  o.s.t.w.s.TestDispatcherServlet - Completed initialization in 3 ms
2026-02-13 18:12:29.989 [main] INFO  c.e.m.i.UserControllerIntegrationTest - Started UserControllerIntegrationTest in 19.059 seconds (process running for 27.769)
2026-02-13 18:12:35.003 [main] INFO  o.s.t.c.s.AnnotationConfigContextLoaderUtils - Could not detect default configuration classes for test class [com.example.modernrest.integration.UserCrudSystemTest]: UserCrudSystemTest does not declare any static, non-private, non-final, nested classes annotated with @Configuration.
2026-02-13 18:12:35.017 [main] INFO  o.s.b.t.c.SpringBootTestContextBootstrapper - Found @SpringBootConfiguration com.example.modernrest.ModernRestServiceApplication for test class com.example.modernrest.integration.UserCrudSystemTest
2026-02-13 18:12:35.030 [main] INFO  tc.postgres:15 - Creating container for image: postgres:15
2026-02-13 18:12:35.134 [main] INFO  tc.postgres:15 - Container postgres:15 is starting: d932c663110b63343b5d6c98a3dee35ffbd77151099f8500b36145816a233afc
2026-02-13 18:12:36.829 [main] INFO  tc.postgres:15 - Container postgres:15 started in PT1.798944S
2026-02-13 18:12:36.829 [main] INFO  tc.postgres:15 - Container is started (JDBC URL: jdbc:postgresql://localhost:32793/testdb?loggerLevel=OFF)
2026-02-13 18:12:36.833 [main] INFO  o.s.b.d.r.RestartApplicationListener - Restart disabled due to context in which it is running
2026-02-13 18:12:36.884 [main] INFO  c.e.m.integration.UserCrudSystemTest - Starting UserCrudSystemTest using Java 21.0.6 with PID 29700 (started by ift.praveen in D:\SPRING BOOT\modern-rest-service)
2026-02-13 18:12:36.884 [main] DEBUG c.e.m.integration.UserCrudSystemTest - Running with Spring Boot v3.3.1, Spring v6.1.10
2026-02-13 18:12:36.885 [main] INFO  c.e.m.integration.UserCrudSystemTest - No active profile set, falling back to 1 default profile: "default"
2026-02-13 18:12:37.693 [main] INFO  o.s.d.r.c.RepositoryConfigurationDelegate - Bootstrapping Spring Data JPA repositories in DEFAULT mode.
2026-02-13 18:12:37.712 [main] INFO  o.s.d.r.c.RepositoryConfigurationDelegate - Finished Spring Data repository scanning in 18 ms. Found 1 JPA repository interface.
2026-02-13 18:12:37.997 [main] INFO  com.zaxxer.hikari.HikariDataSource - HikariPool-2 - Starting...
2026-02-13 18:12:38.085 [main] INFO  com.zaxxer.hikari.pool.HikariPool - HikariPool-2 - Added connection org.postgresql.jdbc.PgConnection@3b47adeb
2026-02-13 18:12:38.086 [main] INFO  com.zaxxer.hikari.HikariDataSource - HikariPool-2 - Start completed.
2026-02-13 18:12:38.104 [main] INFO  liquibase.database - Set default schema name to public
2026-02-13 18:12:38.204 [main] INFO  liquibase.changelog - Creating database history table with name: public.databasechangelog
2026-02-13 18:12:38.235 [main] INFO  liquibase.changelog - Reading from public.databasechangelog
2026-02-13 18:12:38.295 [main] INFO  liquibase.lockservice - Successfully acquired change log lock
2026-02-13 18:12:38.301 [main] INFO  liquibase.command - Using deploymentId: 0973958301
2026-02-13 18:12:38.304 [main] INFO  liquibase.changelog - Reading from public.databasechangelog
2026-02-13 18:12:38.331 [main] INFO  liquibase.ui - Running Changeset: db/changelog/db.changelog-master.xml::001-create-users-table::developer
2026-02-13 18:12:38.343 [main] INFO  liquibase.changelog - Table users created
2026-02-13 18:12:38.345 [main] INFO  liquibase.changelog - ChangeSet db/changelog/db.changelog-master.xml::001-create-users-table::developer ran successfully in 14ms
2026-02-13 18:12:38.356 [main] INFO  liquibase.ui - Running Changeset: db/changelog/db.changelog-master.xml::002-create-orders-table::developer
2026-02-13 18:12:38.364 [main] INFO  liquibase.changelog - Table orders created
2026-02-13 18:12:38.368 [main] INFO  liquibase.changelog - Foreign key constraint added to orders (user_id)
2026-02-13 18:12:38.370 [main] INFO  liquibase.changelog - ChangeSet db/changelog/db.changelog-master.xml::002-create-orders-table::developer ran successfully in 13ms
2026-02-13 18:12:38.375 [main] INFO  liquibase.util - UPDATE SUMMARY
2026-02-13 18:12:38.375 [main] INFO  liquibase.util - Run:                          2
2026-02-13 18:12:38.376 [main] INFO  liquibase.util - Previously run:               0
2026-02-13 18:12:38.376 [main] INFO  liquibase.util - Filtered out:                 0
2026-02-13 18:12:38.376 [main] INFO  liquibase.util - -------------------------------
2026-02-13 18:12:38.376 [main] INFO  liquibase.util - Total change sets:            2
2026-02-13 18:12:38.376 [main] INFO  liquibase.util - Update summary generated
2026-02-13 18:12:38.377 [main] INFO  liquibase.command - Update command completed successfully.
2026-02-13 18:12:38.378 [main] INFO  liquibase.ui - Liquibase: Update has been successful. Rows affected: 2
2026-02-13 18:12:38.382 [main] INFO  liquibase.lockservice - Successfully released change log lock
2026-02-13 18:12:38.384 [main] INFO  liquibase.command - Command execution complete
2026-02-13 18:12:38.482 [main] INFO  o.h.jpa.internal.util.LogHelper - HHH000204: Processing PersistenceUnitInfo [name: default]
2026-02-13 18:12:38.487 [main] INFO  o.h.c.i.RegionFactoryInitiator - HHH000026: Second-level cache disabled
2026-02-13 18:12:38.506 [main] INFO  o.s.o.j.p.SpringPersistenceUnitInfo - No LoadTimeWeaver setup: ignoring JPA class transformer
2026-02-13 18:12:38.710 [main] INFO  o.h.e.t.j.p.i.JtaPlatformInitiator - HHH000489: No JTA platform available (set 'hibernate.transaction.jta.platform' to enable JTA platform integration)
2026-02-13 18:12:38.736 [main] INFO  o.s.o.j.LocalContainerEntityManagerFactoryBean - Initialized JPA EntityManagerFactory for persistence unit 'default'
2026-02-13 18:12:39.054 [main] INFO  o.s.s.c.a.a.c.InitializeAuthenticationProviderBeanManagerConfigurer$InitializeAuthenticationProviderManagerConfigurer - Global AuthenticationManager configured with AuthenticationProvider bean with name authenticationProvider
2026-02-13 18:12:39.056 [main] WARN  o.s.s.c.a.a.c.InitializeUserDetailsBeanManagerConfigurer$InitializeUserDetailsManagerConfigurer - Global AuthenticationManager configured with an AuthenticationProvider bean. UserDetailsService beans will not be used for username/password login. Consider removing the AuthenticationProvider bean. Alternatively, consider using the UserDetailsService in a manually instantiated DaoAuthenticationProvider.
2026-02-13 18:12:39.325 [main] WARN  o.s.b.a.o.j.JpaBaseConfiguration$JpaWebConfiguration - spring.jpa.open-in-view is enabled by default. Therefore, database queries may be performed during view rendering. Explicitly configure spring.jpa.open-in-view to disable this warning
2026-02-13 18:12:39.758 [main] INFO  o.s.b.a.e.web.EndpointLinksResolver - Exposing 3 endpoints beneath base path '/actuator'
2026-02-13 18:12:40.495 [main] DEBUG c.e.m.auth.JwtAuthenticationFilter - Filter 'jwtAuthenticationFilter' configured for use
2026-02-13 18:12:40.495 [main] INFO  o.s.b.t.m.w.SpringBootMockServletContext - Initializing Spring TestDispatcherServlet ''
2026-02-13 18:12:40.496 [main] INFO  o.s.t.w.s.TestDispatcherServlet - Initializing Servlet ''
2026-02-13 18:12:40.499 [main] INFO  o.s.t.w.s.TestDispatcherServlet - Completed initialization in 2 ms
2026-02-13 18:12:40.540 [main] INFO  c.e.m.integration.UserCrudSystemTest - Started UserCrudSystemTest in 3.706 seconds (process running for 38.32)
2026-02-13 18:12:41.755 [main] INFO  o.s.t.c.s.AnnotationConfigContextLoaderUtils - Could not detect default configuration classes for test class [com.example.modernrest.repository.UserRepositoryDataJpaTest]: UserRepositoryDataJpaTest does not declare any static, non-private, non-final, nested classes annotated with @Configuration.
2026-02-13 18:12:41.789 [main] INFO  o.s.b.t.c.SpringBootTestContextBootstrapper - Found @SpringBootConfiguration com.example.modernrest.ModernRestServiceApplication for test class com.example.modernrest.repository.UserRepositoryDataJpaTest
2026-02-13 18:12:41.802 [main] INFO  o.s.b.d.r.RestartApplicationListener - Restart disabled due to context in which it is running
2026-02-13 18:12:41.959 [main] INFO  c.e.m.r.UserRepositoryDataJpaTest - Starting UserRepositoryDataJpaTest using Java 21.0.6 with PID 29700 (started by ift.praveen in D:\SPRING BOOT\modern-rest-service)
2026-02-13 18:12:41.960 [main] DEBUG c.e.m.r.UserRepositoryDataJpaTest - Running with Spring Boot v3.3.1, Spring v6.1.10
2026-02-13 18:12:41.961 [main] INFO  c.e.m.r.UserRepositoryDataJpaTest - No active profile set, falling back to 1 default profile: "default"
2026-02-13 18:12:42.154 [main] INFO  o.s.d.r.c.RepositoryConfigurationDelegate - Bootstrapping Spring Data JPA repositories in DEFAULT mode.
2026-02-13 18:12:42.176 [main] INFO  o.s.d.r.c.RepositoryConfigurationDelegate - Finished Spring Data repository scanning in 20 ms. Found 1 JPA repository interface.
2026-02-13 18:12:42.199 [main] INFO  o.s.b.t.a.j.TestDatabaseAutoConfiguration$EmbeddedDataSourceBeanFactoryPostProcessor - Replacing 'dataSource' DataSource bean with embedded version
2026-02-13 18:12:42.257 [main] WARN  o.s.c.a.AnnotationConfigApplicationContext - Exception encountered during context initialization - cancelling refresh attempt: org.springframework.beans.factory.BeanCreationException: Error creating bean with name 'entityManagerFactory' defined in class path resource [org/springframework/boot/autoconfigure/orm/jpa/HibernateJpaConfiguration.class]: Failed to initialize dependency 'liquibase' of LoadTimeWeaverAware bean 'entityManagerFactory': Error creating bean with name 'liquibase' defined in class path resource [org/springframework/boot/autoconfigure/liquibase/LiquibaseAutoConfiguration$LiquibaseConfiguration.class]: Failed to instantiate [liquibase.integration.spring.SpringLiquibase]: Factory method 'liquibase' threw exception with message: Error creating bean with name 'dataSource': Failed to replace DataSource with an embedded database for tests. If you want an embedded database please put a supported one on the classpath or tune the replace attribute of @AutoConfigureTestDatabase.
2026-02-13 18:12:42.266 [main] INFO  o.s.b.a.l.ConditionEvaluationReportLogger - 

Error starting ApplicationContext. To display the condition evaluation report re-run your application with 'debug' enabled.
2026-02-13 18:12:42.355 [main] ERROR o.s.boot.SpringApplication - Application run failed
org.springframework.beans.factory.BeanCreationException: Error creating bean with name 'entityManagerFactory' defined in class path resource [org/springframework/boot/autoconfigure/orm/jpa/HibernateJpaConfiguration.class]: Failed to initialize dependency 'liquibase' of LoadTimeWeaverAware bean 'entityManagerFactory': Error creating bean with name 'liquibase' defined in class path resource [org/springframework/boot/autoconfigure/liquibase/LiquibaseAutoConfiguration$LiquibaseConfiguration.class]: Failed to instantiate [liquibase.integration.spring.SpringLiquibase]: Factory method 'liquibase' threw exception with message: Error creating bean with name 'dataSource': Failed to replace DataSource with an embedded database for tests. If you want an embedded database please put a supported one on the classpath or tune the replace attribute of @AutoConfigureTestDatabase.
	at org.springframework.beans.factory.support.AbstractBeanFactory.doGetBean(AbstractBeanFactory.java:326)
	at org.springframework.beans.factory.support.AbstractBeanFactory.getBean(AbstractBeanFactory.java:205)
	at org.springframework.context.support.AbstractApplicationContext.finishBeanFactoryInitialization(AbstractApplicationContext.java:952)
	at org.springframework.context.support.AbstractApplicationContext.refresh(AbstractApplicationContext.java:624)
	at org.springframework.boot.SpringApplication.refresh(SpringApplication.java:754)
	at org.springframework.boot.SpringApplication.refreshContext(SpringApplication.java:456)
	at org.springframework.boot.SpringApplication.run(SpringApplication.java:335)
	at org.springframework.boot.test.context.SpringBootContextLoader.lambda$loadContext$3(SpringBootContextLoader.java:137)
	at org.springframework.util.function.ThrowingSupplier.get(ThrowingSupplier.java:58)
	at org.springframework.util.function.ThrowingSupplier.get(ThrowingSupplier.java:46)
	at org.springframework.boot.SpringApplication.withHook(SpringApplication.java:1463)
	at org.springframework.boot.test.context.SpringBootContextLoader$ContextLoaderHook.run(SpringBootContextLoader.java:553)
	at org.springframework.boot.test.context.SpringBootContextLoader.loadContext(SpringBootContextLoader.java:137)
	at org.springframework.boot.test.context.SpringBootContextLoader.loadContext(SpringBootContextLoader.java:108)
	at org.springframework.test.context.cache.DefaultCacheAwareContextLoaderDelegate.loadContextInternal(DefaultCacheAwareContextLoaderDelegate.java:225)
	at org.springframework.test.context.cache.DefaultCacheAwareContextLoaderDelegate.loadContext(DefaultCacheAwareContextLoaderDelegate.java:152)
	at org.springframework.test.context.support.DefaultTestContext.getApplicationContext(DefaultTestContext.java:130)
	at org.springframework.test.context.support.DependencyInjectionTestExecutionListener.injectDependencies(DependencyInjectionTestExecutionListener.java:142)
	at org.springframework.test.context.support.DependencyInjectionTestExecutionListener.prepareTestInstance(DependencyInjectionTestExecutionListener.java:98)
	at org.springframework.test.context.TestContextManager.prepareTestInstance(TestContextManager.java:260)
	at org.springframework.test.context.junit.jupiter.SpringExtension.postProcessTestInstance(SpringExtension.java:163)
	at org.junit.jupiter.engine.descriptor.ClassBasedTestDescriptor.lambda$invokeTestInstancePostProcessors$10(ClassBasedTestDescriptor.java:378)
	at org.junit.jupiter.engine.descriptor.ClassBasedTestDescriptor.executeAndMaskThrowable(ClassBasedTestDescriptor.java:383)
	at org.junit.jupiter.engine.descriptor.ClassBasedTestDescriptor.lambda$invokeTestInstancePostProcessors$11(ClassBasedTestDescriptor.java:378)
	at java.base/java.util.stream.ReferencePipeline$3$1.accept(Unknown Source)
	at java.base/java.util.stream.ReferencePipeline$2$1.accept(Unknown Source)
	at java.base/java.util.ArrayList$ArrayListSpliterator.forEachRemaining(Unknown Source)
	at java.base/java.util.stream.AbstractPipeline.copyInto(Unknown Source)
	at java.base/java.util.stream.AbstractPipeline.wrapAndCopyInto(Unknown Source)
	at java.base/java.util.stream.StreamSpliterators$WrappingSpliterator.forEachRemaining(Unknown Source)
	at java.base/java.util.stream.Streams$ConcatSpliterator.forEachRemaining(Unknown Source)
	at java.base/java.util.stream.Streams$ConcatSpliterator.forEachRemaining(Unknown Source)
	at java.base/java.util.stream.ReferencePipeline$Head.forEach(Unknown Source)
	at org.junit.jupiter.engine.descriptor.ClassBasedTestDescriptor.invokeTestInstancePostProcessors(ClassBasedTestDescriptor.java:377)
	at org.junit.jupiter.engine.descriptor.ClassBasedTestDescriptor.lambda$instantiateAndPostProcessTestInstance$6(ClassBasedTestDescriptor.java:290)
	at org.junit.platform.engine.support.hierarchical.ThrowableCollector.execute(ThrowableCollector.java:73)
	at org.junit.jupiter.engine.descriptor.ClassBasedTestDescriptor.instantiateAndPostProcessTestInstance(ClassBasedTestDescriptor.java:289)
	at org.junit.jupiter.engine.descriptor.ClassBasedTestDescriptor.lambda$testInstancesProvider$4(ClassBasedTestDescriptor.java:279)
	at java.base/java.util.Optional.orElseGet(Unknown Source)
	at org.junit.jupiter.engine.descriptor.ClassBasedTestDescriptor.lambda$testInstancesProvider$5(ClassBasedTestDescriptor.java:278)
	at org.junit.jupiter.engine.execution.TestInstancesProvider.getTestInstances(TestInstancesProvider.java:31)
	at org.junit.jupiter.engine.descriptor.TestMethodTestDescriptor.lambda$prepare$0(TestMethodTestDescriptor.java:106)
	at org.junit.platform.engine.support.hierarchical.ThrowableCollector.execute(ThrowableCollector.java:73)
	at org.junit.jupiter.engine.descriptor.TestMethodTestDescriptor.prepare(TestMethodTestDescriptor.java:105)
	at org.junit.jupiter.engine.descriptor.TestMethodTestDescriptor.prepare(TestMethodTestDescriptor.java:69)
	at org.junit.platform.engine.support.hierarchical.NodeTestTask.lambda$prepare$2(NodeTestTask.java:123)
	at org.junit.platform.engine.support.hierarchical.ThrowableCollector.execute(ThrowableCollector.java:73)
	at org.junit.platform.engine.support.hierarchical.NodeTestTask.prepare(NodeTestTask.java:123)
	at org.junit.platform.engine.support.hierarchical.NodeTestTask.execute(NodeTestTask.java:90)
	at java.base/java.util.ArrayList.forEach(Unknown Source)
	at org.junit.platform.engine.support.hierarchical.SameThreadHierarchicalTestExecutorService.invokeAll(SameThreadHierarchicalTestExecutorService.java:41)
	at org.junit.platform.engine.support.hierarchical.NodeTestTask.lambda$executeRecursively$6(NodeTestTask.java:155)
	at org.junit.platform.engine.support.hierarchical.ThrowableCollector.execute(ThrowableCollector.java:73)
	at org.junit.platform.engine.support.hierarchical.NodeTestTask.lambda$executeRecursively$8(NodeTestTask.java:141)
	at org.junit.platform.engine.support.hierarchical.Node.around(Node.java:137)
	at org.junit.platform.engine.support.hierarchical.NodeTestTask.lambda$executeRecursively$9(NodeTestTask.java:139)
	at org.junit.platform.engine.support.hierarchical.ThrowableCollector.execute(ThrowableCollector.java:73)
	at org.junit.platform.engine.support.hierarchical.NodeTestTask.executeRecursively(NodeTestTask.java:138)
	at org.junit.platform.engine.support.hierarchical.NodeTestTask.execute(NodeTestTask.java:95)
	at java.base/java.util.ArrayList.forEach(Unknown Source)
	at org.junit.platform.engine.support.hierarchical.SameThreadHierarchicalTestExecutorService.invokeAll(SameThreadHierarchicalTestExecutorService.java:41)
	at org.junit.platform.engine.support.hierarchical.NodeTestTask.lambda$executeRecursively$6(NodeTestTask.java:155)
	at org.junit.platform.engine.support.hierarchical.ThrowableCollector.execute(ThrowableCollector.java:73)
	at org.junit.platform.engine.support.hierarchical.NodeTestTask.lambda$executeRecursively$8(NodeTestTask.java:141)
	at org.junit.platform.engine.support.hierarchical.Node.around(Node.java:137)
	at org.junit.platform.engine.support.hierarchical.NodeTestTask.lambda$executeRecursively$9(NodeTestTask.java:139)
	at org.junit.platform.engine.support.hierarchical.ThrowableCollector.execute(ThrowableCollector.java:73)
	at org.junit.platform.engine.support.hierarchical.NodeTestTask.executeRecursively(NodeTestTask.java:138)
	at org.junit.platform.engine.support.hierarchical.NodeTestTask.execute(NodeTestTask.java:95)
	at org.junit.platform.engine.support.hierarchical.SameThreadHierarchicalTestExecutorService.submit(SameThreadHierarchicalTestExecutorService.java:35)
	at org.junit.platform.engine.support.hierarchical.HierarchicalTestExecutor.execute(HierarchicalTestExecutor.java:57)
	at org.junit.platform.engine.support.hierarchical.HierarchicalTestEngine.execute(HierarchicalTestEngine.java:54)
	at org.junit.platform.launcher.core.EngineExecutionOrchestrator.execute(EngineExecutionOrchestrator.java:198)
	at org.junit.platform.launcher.core.EngineExecutionOrchestrator.execute(EngineExecutionOrchestrator.java:169)
	at org.junit.platform.launcher.core.EngineExecutionOrchestrator.execute(EngineExecutionOrchestrator.java:93)
	at org.junit.platform.launcher.core.EngineExecutionOrchestrator.lambda$execute$0(EngineExecutionOrchestrator.java:58)
	at org.junit.platform.launcher.core.EngineExecutionOrchestrator.withInterceptedStreams(EngineExecutionOrchestrator.java:141)
	at org.junit.platform.launcher.core.EngineExecutionOrchestrator.execute(EngineExecutionOrchestrator.java:57)
	at org.junit.platform.launcher.core.DefaultLauncher.execute(DefaultLauncher.java:103)
	at org.junit.platform.launcher.core.DefaultLauncher.execute(DefaultLauncher.java:85)
	at org.junit.platform.launcher.core.DelegatingLauncher.execute(DelegatingLauncher.java:47)
	at org.apache.maven.surefire.junitplatform.LazyLauncher.execute(LazyLauncher.java:56)
	at org.apache.maven.surefire.junitplatform.JUnitPlatformProvider.execute(JUnitPlatformProvider.java:184)
	at org.apache.maven.surefire.junitplatform.JUnitPlatformProvider.invokeAllTests(JUnitPlatformProvider.java:148)
	at org.apache.maven.surefire.junitplatform.JUnitPlatformProvider.invoke(JUnitPlatformProvider.java:122)
	at org.apache.maven.surefire.booter.ForkedBooter.runSuitesInProcess(ForkedBooter.java:385)
	at org.apache.maven.surefire.booter.ForkedBooter.execute(ForkedBooter.java:162)
	at org.apache.maven.surefire.booter.ForkedBooter.run(ForkedBooter.java:507)
	at org.apache.maven.surefire.booter.ForkedBooter.main(ForkedBooter.java:495)
Caused by: org.springframework.beans.factory.BeanCreationException: Error creating bean with name 'liquibase' defined in class path resource [org/springframework/boot/autoconfigure/liquibase/LiquibaseAutoConfiguration$LiquibaseConfiguration.class]: Failed to instantiate [liquibase.integration.spring.SpringLiquibase]: Factory method 'liquibase' threw exception with message: Error creating bean with name 'dataSource': Failed to replace DataSource with an embedded database for tests. If you want an embedded database please put a supported one on the classpath or tune the replace attribute of @AutoConfigureTestDatabase.
	at org.springframework.beans.factory.support.ConstructorResolver.instantiate(ConstructorResolver.java:648)
	at org.springframework.beans.factory.support.ConstructorResolver.instantiateUsingFactoryMethod(ConstructorResolver.java:636)
	at org.springframework.beans.factory.support.AbstractAutowireCapableBeanFactory.instantiateUsingFactoryMethod(AbstractAutowireCapableBeanFactory.java:1337)
	at org.springframework.beans.factory.support.AbstractAutowireCapableBeanFactory.createBeanInstance(AbstractAutowireCapableBeanFactory.java:1167)
	at org.springframework.beans.factory.support.AbstractAutowireCapableBeanFactory.doCreateBean(AbstractAutowireCapableBeanFactory.java:562)
	at org.springframework.beans.factory.support.AbstractAutowireCapableBeanFactory.createBean(AbstractAutowireCapableBeanFactory.java:522)
	at org.springframework.beans.factory.support.AbstractBeanFactory.lambda$doGetBean$0(AbstractBeanFactory.java:337)
	at org.springframework.beans.factory.support.DefaultSingletonBeanRegistry.getSingleton(DefaultSingletonBeanRegistry.java:234)
	at org.springframework.beans.factory.support.AbstractBeanFactory.doGetBean(AbstractBeanFactory.java:335)
	at org.springframework.beans.factory.support.AbstractBeanFactory.getBean(AbstractBeanFactory.java:200)
	at org.springframework.beans.factory.support.AbstractBeanFactory.doGetBean(AbstractBeanFactory.java:313)
	... 88 common frames omitted
Caused by: org.springframework.beans.BeanInstantiationException: Failed to instantiate [liquibase.integration.spring.SpringLiquibase]: Factory method 'liquibase' threw exception with message: Error creating bean with name 'dataSource': Failed to replace DataSource with an embedded database for tests. If you want an embedded database please put a supported one on the classpath or tune the replace attribute of @AutoConfigureTestDatabase.
	at org.springframework.beans.factory.support.SimpleInstantiationStrategy.instantiate(SimpleInstantiationStrategy.java:177)
	at org.springframework.beans.factory.support.ConstructorResolver.instantiate(ConstructorResolver.java:644)
	... 98 common frames omitted
Caused by: org.springframework.beans.factory.BeanCreationException: Error creating bean with name 'dataSource': Failed to replace DataSource with an embedded database for tests. If you want an embedded database please put a supported one on the classpath or tune the replace attribute of @AutoConfigureTestDatabase.
	at org.springframework.beans.factory.support.AbstractAutowireCapableBeanFactory.initializeBean(AbstractAutowireCapableBeanFactory.java:1788)
	at org.springframework.beans.factory.support.AbstractAutowireCapableBeanFactory.doCreateBean(AbstractAutowireCapableBeanFactory.java:600)
	at org.springframework.beans.factory.support.AbstractAutowireCapableBeanFactory.createBean(AbstractAutowireCapableBeanFactory.java:522)
	at org.springframework.beans.factory.support.AbstractBeanFactory.lambda$doGetBean$0(AbstractBeanFactory.java:337)
	at org.springframework.beans.factory.support.DefaultSingletonBeanRegistry.getSingleton(DefaultSingletonBeanRegistry.java:234)
	at org.springframework.beans.factory.support.AbstractBeanFactory.doGetBean(AbstractBeanFactory.java:335)
	at org.springframework.beans.factory.support.AbstractBeanFactory.getBean(AbstractBeanFactory.java:200)
	at org.springframework.beans.factory.config.DependencyDescriptor.resolveCandidate(DependencyDescriptor.java:254)
	at org.springframework.beans.factory.support.DefaultListableBeanFactory.doResolveDependency(DefaultListableBeanFactory.java:1443)
	at org.springframework.beans.factory.support.DefaultListableBeanFactory$DependencyObjectProvider.getIfUnique(DefaultListableBeanFactory.java:2153)
	at org.springframework.boot.autoconfigure.liquibase.LiquibaseAutoConfiguration$LiquibaseConfiguration.liquibase(LiquibaseAutoConfiguration.java:102)
	at java.base/jdk.internal.reflect.DirectMethodHandleAccessor.invoke(Unknown Source)
	at java.base/java.lang.reflect.Method.invoke(Unknown Source)
	at org.springframework.beans.factory.support.SimpleInstantiationStrategy.instantiate(SimpleInstantiationStrategy.java:140)
	... 99 common frames omitted
Caused by: java.lang.IllegalStateException: Failed to replace DataSource with an embedded database for tests. If you want an embedded database please put a supported one on the classpath or tune the replace attribute of @AutoConfigureTestDatabase.
	at org.springframework.util.Assert.state(Assert.java:76)
	at org.springframework.boot.test.autoconfigure.jdbc.TestDatabaseAutoConfiguration$EmbeddedDataSourceFactory.getEmbeddedDatabase(TestDatabaseAutoConfiguration.java:188)
	at org.springframework.boot.test.autoconfigure.jdbc.TestDatabaseAutoConfiguration$EmbeddedDataSourceFactoryBean.afterPropertiesSet(TestDatabaseAutoConfiguration.java:153)
	at org.springframework.beans.factory.support.AbstractAutowireCapableBeanFactory.invokeInitMethods(AbstractAutowireCapableBeanFactory.java:1835)
	at org.springframework.beans.factory.support.AbstractAutowireCapableBeanFactory.initializeBean(AbstractAutowireCapableBeanFactory.java:1784)
	... 112 common frames omitted
2026-02-13 18:12:42.381 [main] WARN  o.s.test.context.TestContextManager - Caught exception while allowing TestExecutionListener [org.springframework.test.context.support.DependencyInjectionTestExecutionListener] to prepare test instance [com.example.modernrest.repository.UserRepositoryDataJpaTest@55e53558]
java.lang.IllegalStateException: Failed to load ApplicationContext for [MergedContextConfiguration@1888381d testClass = com.example.modernrest.repository.UserRepositoryDataJpaTest, locations = [], classes = [com.example.modernrest.ModernRestServiceApplication], contextInitializerClasses = [], activeProfiles = [], propertySourceDescriptors = [], propertySourceProperties = ["org.springframework.boot.test.autoconfigure.orm.jpa.DataJpaTestContextBootstrapper=true"], contextCustomizers = [[ImportsContextCustomizer@617dafed key = [org.springframework.boot.autoconfigure.transaction.TransactionAutoConfiguration, org.springframework.boot.autoconfigure.data.jpa.JpaRepositoriesAutoConfiguration, org.springframework.boot.test.autoconfigure.orm.jpa.TestEntityManagerAutoConfiguration, org.springframework.boot.autoconfigure.cache.CacheAutoConfiguration, org.springframework.boot.autoconfigure.orm.jpa.HibernateJpaAutoConfiguration, org.springframework.boot.autoconfigure.sql.init.SqlInitializationAutoConfiguration, org.springframework.boot.test.autoconfigure.jdbc.TestDatabaseAutoConfiguration, org.springframework.boot.autoconfigure.flyway.FlywayAutoConfiguration, org.springframework.boot.autoconfigure.jdbc.DataSourceTransactionManagerAutoConfiguration, org.springframework.boot.autoconfigure.liquibase.LiquibaseAutoConfiguration, org.springframework.boot.autoconfigure.jdbc.JdbcClientAutoConfiguration, org.springframework.boot.autoconfigure.jdbc.DataSourceAutoConfiguration, org.springframework.boot.autoconfigure.jdbc.JdbcTemplateAutoConfiguration]], org.springframework.boot.test.context.filter.ExcludeFilterContextCustomizer@2cc3ad05, org.springframework.boot.test.json.DuplicateJsonObjectContextCustomizerFactory$DuplicateJsonObjectContextCustomizer@25e2ab5a, org.springframework.boot.test.mock.mockito.MockitoContextCustomizer@0, org.springframework.boot.test.autoconfigure.OverrideAutoConfigurationContextCustomizerFactory$DisableAutoConfigurationContextCustomizer@53418cc0, org.springframework.boot.test.autoconfigure.actuate.observability.ObservabilityContextCustomizerFactory$DisableObservabilityContextCustomizer@1f, org.springframework.boot.test.autoconfigure.filter.TypeExcludeFiltersContextCustomizer@34be3d80, org.springframework.boot.test.autoconfigure.properties.PropertyMappingContextCustomizer@aec97fd3, org.springframework.boot.test.autoconfigure.web.servlet.WebDriverContextCustomizer@18c5069b, org.springframework.boot.test.context.SpringBootTestAnnotation@a79173ce], contextLoader = org.springframework.boot.test.context.SpringBootContextLoader, parent = null]
	at org.springframework.test.context.cache.DefaultCacheAwareContextLoaderDelegate.loadContext(DefaultCacheAwareContextLoaderDelegate.java:180)
	at org.springframework.test.context.support.DefaultTestContext.getApplicationContext(DefaultTestContext.java:130)
	at org.springframework.test.context.support.DependencyInjectionTestExecutionListener.injectDependencies(DependencyInjectionTestExecutionListener.java:142)
	at org.springframework.test.context.support.DependencyInjectionTestExecutionListener.prepareTestInstance(DependencyInjectionTestExecutionListener.java:98)
	at org.springframework.test.context.TestContextManager.prepareTestInstance(TestContextManager.java:260)
	at org.springframework.test.context.junit.jupiter.SpringExtension.postProcessTestInstance(SpringExtension.java:163)
	at org.junit.jupiter.engine.descriptor.ClassBasedTestDescriptor.lambda$invokeTestInstancePostProcessors$10(ClassBasedTestDescriptor.java:378)
	at org.junit.jupiter.engine.descriptor.ClassBasedTestDescriptor.executeAndMaskThrowable(ClassBasedTestDescriptor.java:383)
	at org.junit.jupiter.engine.descriptor.ClassBasedTestDescriptor.lambda$invokeTestInstancePostProcessors$11(ClassBasedTestDescriptor.java:378)
	at java.base/java.util.stream.ReferencePipeline$3$1.accept(Unknown Source)
	at java.base/java.util.stream.ReferencePipeline$2$1.accept(Unknown Source)
	at java.base/java.util.ArrayList$ArrayListSpliterator.forEachRemaining(Unknown Source)
	at java.base/java.util.stream.AbstractPipeline.copyInto(Unknown Source)
	at java.base/java.util.stream.AbstractPipeline.wrapAndCopyInto(Unknown Source)
	at java.base/java.util.stream.StreamSpliterators$WrappingSpliterator.forEachRemaining(Unknown Source)
	at java.base/java.util.stream.Streams$ConcatSpliterator.forEachRemaining(Unknown Source)
	at java.base/java.util.stream.Streams$ConcatSpliterator.forEachRemaining(Unknown Source)
	at java.base/java.util.stream.ReferencePipeline$Head.forEach(Unknown Source)
	at org.junit.jupiter.engine.descriptor.ClassBasedTestDescriptor.invokeTestInstancePostProcessors(ClassBasedTestDescriptor.java:377)
	at org.junit.jupiter.engine.descriptor.ClassBasedTestDescriptor.lambda$instantiateAndPostProcessTestInstance$6(ClassBasedTestDescriptor.java:290)
	at org.junit.platform.engine.support.hierarchical.ThrowableCollector.execute(ThrowableCollector.java:73)
	at org.junit.jupiter.engine.descriptor.ClassBasedTestDescriptor.instantiateAndPostProcessTestInstance(ClassBasedTestDescriptor.java:289)
	at org.junit.jupiter.engine.descriptor.ClassBasedTestDescriptor.lambda$testInstancesProvider$4(ClassBasedTestDescriptor.java:279)
	at java.base/java.util.Optional.orElseGet(Unknown Source)
	at org.junit.jupiter.engine.descriptor.ClassBasedTestDescriptor.lambda$testInstancesProvider$5(ClassBasedTestDescriptor.java:278)
	at org.junit.jupiter.engine.execution.TestInstancesProvider.getTestInstances(TestInstancesProvider.java:31)
	at org.junit.jupiter.engine.descriptor.TestMethodTestDescriptor.lambda$prepare$0(TestMethodTestDescriptor.java:106)
	at org.junit.platform.engine.support.hierarchical.ThrowableCollector.execute(ThrowableCollector.java:73)
	at org.junit.jupiter.engine.descriptor.TestMethodTestDescriptor.prepare(TestMethodTestDescriptor.java:105)
	at org.junit.jupiter.engine.descriptor.TestMethodTestDescriptor.prepare(TestMethodTestDescriptor.java:69)
	at org.junit.platform.engine.support.hierarchical.NodeTestTask.lambda$prepare$2(NodeTestTask.java:123)
	at org.junit.platform.engine.support.hierarchical.ThrowableCollector.execute(ThrowableCollector.java:73)
	at org.junit.platform.engine.support.hierarchical.NodeTestTask.prepare(NodeTestTask.java:123)
	at org.junit.platform.engine.support.hierarchical.NodeTestTask.execute(NodeTestTask.java:90)
	at java.base/java.util.ArrayList.forEach(Unknown Source)
	at org.junit.platform.engine.support.hierarchical.SameThreadHierarchicalTestExecutorService.invokeAll(SameThreadHierarchicalTestExecutorService.java:41)
	at org.junit.platform.engine.support.hierarchical.NodeTestTask.lambda$executeRecursively$6(NodeTestTask.java:155)
	at org.junit.platform.engine.support.hierarchical.ThrowableCollector.execute(ThrowableCollector.java:73)
	at org.junit.platform.engine.support.hierarchical.NodeTestTask.lambda$executeRecursively$8(NodeTestTask.java:141)
	at org.junit.platform.engine.support.hierarchical.Node.around(Node.java:137)
	at org.junit.platform.engine.support.hierarchical.NodeTestTask.lambda$executeRecursively$9(NodeTestTask.java:139)
	at org.junit.platform.engine.support.hierarchical.ThrowableCollector.execute(ThrowableCollector.java:73)
	at org.junit.platform.engine.support.hierarchical.NodeTestTask.executeRecursively(NodeTestTask.java:138)
	at org.junit.platform.engine.support.hierarchical.NodeTestTask.execute(NodeTestTask.java:95)
	at java.base/java.util.ArrayList.forEach(Unknown Source)
	at org.junit.platform.engine.support.hierarchical.SameThreadHierarchicalTestExecutorService.invokeAll(SameThreadHierarchicalTestExecutorService.java:41)
	at org.junit.platform.engine.support.hierarchical.NodeTestTask.lambda$executeRecursively$6(NodeTestTask.java:155)
	at org.junit.platform.engine.support.hierarchical.ThrowableCollector.execute(ThrowableCollector.java:73)
	at org.junit.platform.engine.support.hierarchical.NodeTestTask.lambda$executeRecursively$8(NodeTestTask.java:141)
	at org.junit.platform.engine.support.hierarchical.Node.around(Node.java:137)
	at org.junit.platform.engine.support.hierarchical.NodeTestTask.lambda$executeRecursively$9(NodeTestTask.java:139)
	at org.junit.platform.engine.support.hierarchical.ThrowableCollector.execute(ThrowableCollector.java:73)
	at org.junit.platform.engine.support.hierarchical.NodeTestTask.executeRecursively(NodeTestTask.java:138)
	at org.junit.platform.engine.support.hierarchical.NodeTestTask.execute(NodeTestTask.java:95)
	at org.junit.platform.engine.support.hierarchical.SameThreadHierarchicalTestExecutorService.submit(SameThreadHierarchicalTestExecutorService.java:35)
	at org.junit.platform.engine.support.hierarchical.HierarchicalTestExecutor.execute(HierarchicalTestExecutor.java:57)
	at org.junit.platform.engine.support.hierarchical.HierarchicalTestEngine.execute(HierarchicalTestEngine.java:54)
	at org.junit.platform.launcher.core.EngineExecutionOrchestrator.execute(EngineExecutionOrchestrator.java:198)
	at org.junit.platform.launcher.core.EngineExecutionOrchestrator.execute(EngineExecutionOrchestrator.java:169)
	at org.junit.platform.launcher.core.EngineExecutionOrchestrator.execute(EngineExecutionOrchestrator.java:93)
	at org.junit.platform.launcher.core.EngineExecutionOrchestrator.lambda$execute$0(EngineExecutionOrchestrator.java:58)
	at org.junit.platform.launcher.core.EngineExecutionOrchestrator.withInterceptedStreams(EngineExecutionOrchestrator.java:141)
	at org.junit.platform.launcher.core.EngineExecutionOrchestrator.execute(EngineExecutionOrchestrator.java:57)
	at org.junit.platform.launcher.core.DefaultLauncher.execute(DefaultLauncher.java:103)
	at org.junit.platform.launcher.core.DefaultLauncher.execute(DefaultLauncher.java:85)
	at org.junit.platform.launcher.core.DelegatingLauncher.execute(DelegatingLauncher.java:47)
	at org.apache.maven.surefire.junitplatform.LazyLauncher.execute(LazyLauncher.java:56)
	at org.apache.maven.surefire.junitplatform.JUnitPlatformProvider.execute(JUnitPlatformProvider.java:184)
	at org.apache.maven.surefire.junitplatform.JUnitPlatformProvider.invokeAllTests(JUnitPlatformProvider.java:148)
	at org.apache.maven.surefire.junitplatform.JUnitPlatformProvider.invoke(JUnitPlatformProvider.java:122)
	at org.apache.maven.surefire.booter.ForkedBooter.runSuitesInProcess(ForkedBooter.java:385)
	at org.apache.maven.surefire.booter.ForkedBooter.execute(ForkedBooter.java:162)
	at org.apache.maven.surefire.booter.ForkedBooter.run(ForkedBooter.java:507)
	at org.apache.maven.surefire.booter.ForkedBooter.main(ForkedBooter.java:495)
Caused by: org.springframework.beans.factory.BeanCreationException: Error creating bean with name 'entityManagerFactory' defined in class path resource [org/springframework/boot/autoconfigure/orm/jpa/HibernateJpaConfiguration.class]: Failed to initialize dependency 'liquibase' of LoadTimeWeaverAware bean 'entityManagerFactory': Error creating bean with name 'liquibase' defined in class path resource [org/springframework/boot/autoconfigure/liquibase/LiquibaseAutoConfiguration$LiquibaseConfiguration.class]: Failed to instantiate [liquibase.integration.spring.SpringLiquibase]: Factory method 'liquibase' threw exception with message: Error creating bean with name 'dataSource': Failed to replace DataSource with an embedded database for tests. If you want an embedded database please put a supported one on the classpath or tune the replace attribute of @AutoConfigureTestDatabase.
	at org.springframework.beans.factory.support.AbstractBeanFactory.doGetBean(AbstractBeanFactory.java:326)
	at org.springframework.beans.factory.support.AbstractBeanFactory.getBean(AbstractBeanFactory.java:205)
	at org.springframework.context.support.AbstractApplicationContext.finishBeanFactoryInitialization(AbstractApplicationContext.java:952)
	at org.springframework.context.support.AbstractApplicationContext.refresh(AbstractApplicationContext.java:624)
	at org.springframework.boot.SpringApplication.refresh(SpringApplication.java:754)
	at org.springframework.boot.SpringApplication.refreshContext(SpringApplication.java:456)
	at org.springframework.boot.SpringApplication.run(SpringApplication.java:335)
	at org.springframework.boot.test.context.SpringBootContextLoader.lambda$loadContext$3(SpringBootContextLoader.java:137)
	at org.springframework.util.function.ThrowingSupplier.get(ThrowingSupplier.java:58)
	at org.springframework.util.function.ThrowingSupplier.get(ThrowingSupplier.java:46)
	at org.springframework.boot.SpringApplication.withHook(SpringApplication.java:1463)
	at org.springframework.boot.test.context.SpringBootContextLoader$ContextLoaderHook.run(SpringBootContextLoader.java:553)
	at org.springframework.boot.test.context.SpringBootContextLoader.loadContext(SpringBootContextLoader.java:137)
	at org.springframework.boot.test.context.SpringBootContextLoader.loadContext(SpringBootContextLoader.java:108)
	at org.springframework.test.context.cache.DefaultCacheAwareContextLoaderDelegate.loadContextInternal(DefaultCacheAwareContextLoaderDelegate.java:225)
	at org.springframework.test.context.cache.DefaultCacheAwareContextLoaderDelegate.loadContext(DefaultCacheAwareContextLoaderDelegate.java:152)
	... 73 common frames omitted
Caused by: org.springframework.beans.factory.BeanCreationException: Error creating bean with name 'liquibase' defined in class path resource [org/springframework/boot/autoconfigure/liquibase/LiquibaseAutoConfiguration$LiquibaseConfiguration.class]: Failed to instantiate [liquibase.integration.spring.SpringLiquibase]: Factory method 'liquibase' threw exception with message: Error creating bean with name 'dataSource': Failed to replace DataSource with an embedded database for tests. If you want an embedded database please put a supported one on the classpath or tune the replace attribute of @AutoConfigureTestDatabase.
	at org.springframework.beans.factory.support.ConstructorResolver.instantiate(ConstructorResolver.java:648)
	at org.springframework.beans.factory.support.ConstructorResolver.instantiateUsingFactoryMethod(ConstructorResolver.java:636)
	at org.springframework.beans.factory.support.AbstractAutowireCapableBeanFactory.instantiateUsingFactoryMethod(AbstractAutowireCapableBeanFactory.java:1337)
	at org.springframework.beans.factory.support.AbstractAutowireCapableBeanFactory.createBeanInstance(AbstractAutowireCapableBeanFactory.java:1167)
	at org.springframework.beans.factory.support.AbstractAutowireCapableBeanFactory.doCreateBean(AbstractAutowireCapableBeanFactory.java:562)
	at org.springframework.beans.factory.support.AbstractAutowireCapableBeanFactory.createBean(AbstractAutowireCapableBeanFactory.java:522)
	at org.springframework.beans.factory.support.AbstractBeanFactory.lambda$doGetBean$0(AbstractBeanFactory.java:337)
	at org.springframework.beans.factory.support.DefaultSingletonBeanRegistry.getSingleton(DefaultSingletonBeanRegistry.java:234)
	at org.springframework.beans.factory.support.AbstractBeanFactory.doGetBean(AbstractBeanFactory.java:335)
	at org.springframework.beans.factory.support.AbstractBeanFactory.getBean(AbstractBeanFactory.java:200)
	at org.springframework.beans.factory.support.AbstractBeanFactory.doGetBean(AbstractBeanFactory.java:313)
	... 88 common frames omitted
Caused by: org.springframework.beans.BeanInstantiationException: Failed to instantiate [liquibase.integration.spring.SpringLiquibase]: Factory method 'liquibase' threw exception with message: Error creating bean with name 'dataSource': Failed to replace DataSource with an embedded database for tests. If you want an embedded database please put a supported one on the classpath or tune the replace attribute of @AutoConfigureTestDatabase.
	at org.springframework.beans.factory.support.SimpleInstantiationStrategy.instantiate(SimpleInstantiationStrategy.java:177)
	at org.springframework.beans.factory.support.ConstructorResolver.instantiate(ConstructorResolver.java:644)
	... 98 common frames omitted
Caused by: org.springframework.beans.factory.BeanCreationException: Error creating bean with name 'dataSource': Failed to replace DataSource with an embedded database for tests. If you want an embedded database please put a supported one on the classpath or tune the replace attribute of @AutoConfigureTestDatabase.
	at org.springframework.beans.factory.support.AbstractAutowireCapableBeanFactory.initializeBean(AbstractAutowireCapableBeanFactory.java:1788)
	at org.springframework.beans.factory.support.AbstractAutowireCapableBeanFactory.doCreateBean(AbstractAutowireCapableBeanFactory.java:600)
	at org.springframework.beans.factory.support.AbstractAutowireCapableBeanFactory.createBean(AbstractAutowireCapableBeanFactory.java:522)
	at org.springframework.beans.factory.support.AbstractBeanFactory.lambda$doGetBean$0(AbstractBeanFactory.java:337)
	at org.springframework.beans.factory.support.DefaultSingletonBeanRegistry.getSingleton(DefaultSingletonBeanRegistry.java:234)
	at org.springframework.beans.factory.support.AbstractBeanFactory.doGetBean(AbstractBeanFactory.java:335)
	at org.springframework.beans.factory.support.AbstractBeanFactory.getBean(AbstractBeanFactory.java:200)
	at org.springframework.beans.factory.config.DependencyDescriptor.resolveCandidate(DependencyDescriptor.java:254)
	at org.springframework.beans.factory.support.DefaultListableBeanFactory.doResolveDependency(DefaultListableBeanFactory.java:1443)
	at org.springframework.beans.factory.support.DefaultListableBeanFactory$DependencyObjectProvider.getIfUnique(DefaultListableBeanFactory.java:2153)
	at org.springframework.boot.autoconfigure.liquibase.LiquibaseAutoConfiguration$LiquibaseConfiguration.liquibase(LiquibaseAutoConfiguration.java:102)
	at java.base/jdk.internal.reflect.DirectMethodHandleAccessor.invoke(Unknown Source)
	at java.base/java.lang.reflect.Method.invoke(Unknown Source)
	at org.springframework.beans.factory.support.SimpleInstantiationStrategy.instantiate(SimpleInstantiationStrategy.java:140)
	... 99 common frames omitted
Caused by: java.lang.IllegalStateException: Failed to replace DataSource with an embedded database for tests. If you want an embedded database please put a supported one on the classpath or tune the replace attribute of @AutoConfigureTestDatabase.
	at org.springframework.util.Assert.state(Assert.java:76)
	at org.springframework.boot.test.autoconfigure.jdbc.TestDatabaseAutoConfiguration$EmbeddedDataSourceFactory.getEmbeddedDatabase(TestDatabaseAutoConfiguration.java:188)
	at org.springframework.boot.test.autoconfigure.jdbc.TestDatabaseAutoConfiguration$EmbeddedDataSourceFactoryBean.afterPropertiesSet(TestDatabaseAutoConfiguration.java:153)
	at org.springframework.beans.factory.support.AbstractAutowireCapableBeanFactory.invokeInitMethods(AbstractAutowireCapableBeanFactory.java:1835)
	at org.springframework.beans.factory.support.AbstractAutowireCapableBeanFactory.initializeBean(AbstractAutowireCapableBeanFactory.java:1784)
	... 112 common frames omitted
2026-02-13 18:12:42.397 [main] WARN  o.s.test.context.TestContextManager - Caught exception while allowing TestExecutionListener [org.springframework.test.context.support.DependencyInjectionTestExecutionListener] to prepare test instance [com.example.modernrest.repository.UserRepositoryDataJpaTest@16951bb]
java.lang.IllegalStateException: ApplicationContext failure threshold (1) exceeded: skipping repeated attempt to load context for [MergedContextConfiguration@1888381d testClass = com.example.modernrest.repository.UserRepositoryDataJpaTest, locations = [], classes = [com.example.modernrest.ModernRestServiceApplication], contextInitializerClasses = [], activeProfiles = [], propertySourceDescriptors = [], propertySourceProperties = ["org.springframework.boot.test.autoconfigure.orm.jpa.DataJpaTestContextBootstrapper=true"], contextCustomizers = [[ImportsContextCustomizer@617dafed key = [org.springframework.boot.autoconfigure.transaction.TransactionAutoConfiguration, org.springframework.boot.autoconfigure.data.jpa.JpaRepositoriesAutoConfiguration, org.springframework.boot.test.autoconfigure.orm.jpa.TestEntityManagerAutoConfiguration, org.springframework.boot.autoconfigure.cache.CacheAutoConfiguration, org.springframework.boot.autoconfigure.orm.jpa.HibernateJpaAutoConfiguration, org.springframework.boot.autoconfigure.sql.init.SqlInitializationAutoConfiguration, org.springframework.boot.test.autoconfigure.jdbc.TestDatabaseAutoConfiguration, org.springframework.boot.autoconfigure.flyway.FlywayAutoConfiguration, org.springframework.boot.autoconfigure.jdbc.DataSourceTransactionManagerAutoConfiguration, org.springframework.boot.autoconfigure.liquibase.LiquibaseAutoConfiguration, org.springframework.boot.autoconfigure.jdbc.JdbcClientAutoConfiguration, org.springframework.boot.autoconfigure.jdbc.DataSourceAutoConfiguration, org.springframework.boot.autoconfigure.jdbc.JdbcTemplateAutoConfiguration]], org.springframework.boot.test.context.filter.ExcludeFilterContextCustomizer@2cc3ad05, org.springframework.boot.test.json.DuplicateJsonObjectContextCustomizerFactory$DuplicateJsonObjectContextCustomizer@25e2ab5a, org.springframework.boot.test.mock.mockito.MockitoContextCustomizer@0, org.springframework.boot.test.autoconfigure.OverrideAutoConfigurationContextCustomizerFactory$DisableAutoConfigurationContextCustomizer@53418cc0, org.springframework.boot.test.autoconfigure.actuate.observability.ObservabilityContextCustomizerFactory$DisableObservabilityContextCustomizer@1f, org.springframework.boot.test.autoconfigure.filter.TypeExcludeFiltersContextCustomizer@34be3d80, org.springframework.boot.test.autoconfigure.properties.PropertyMappingContextCustomizer@aec97fd3, org.springframework.boot.test.autoconfigure.web.servlet.WebDriverContextCustomizer@18c5069b, org.springframework.boot.test.context.SpringBootTestAnnotation@a79173ce], contextLoader = org.springframework.boot.test.context.SpringBootContextLoader, parent = null]
	at org.springframework.test.context.cache.DefaultCacheAwareContextLoaderDelegate.loadContext(DefaultCacheAwareContextLoaderDelegate.java:145)
	at org.springframework.test.context.support.DefaultTestContext.getApplicationContext(DefaultTestContext.java:130)
	at org.springframework.test.context.support.DependencyInjectionTestExecutionListener.injectDependencies(DependencyInjectionTestExecutionListener.java:142)
	at org.springframework.test.context.support.DependencyInjectionTestExecutionListener.prepareTestInstance(DependencyInjectionTestExecutionListener.java:98)
	at org.springframework.test.context.TestContextManager.prepareTestInstance(TestContextManager.java:260)
	at org.springframework.test.context.junit.jupiter.SpringExtension.postProcessTestInstance(SpringExtension.java:163)
	at org.junit.jupiter.engine.descriptor.ClassBasedTestDescriptor.lambda$invokeTestInstancePostProcessors$10(ClassBasedTestDescriptor.java:378)
	at org.junit.jupiter.engine.descriptor.ClassBasedTestDescriptor.executeAndMaskThrowable(ClassBasedTestDescriptor.java:383)
	at org.junit.jupiter.engine.descriptor.ClassBasedTestDescriptor.lambda$invokeTestInstancePostProcessors$11(ClassBasedTestDescriptor.java:378)
	at java.base/java.util.stream.ReferencePipeline$3$1.accept(Unknown Source)
	at java.base/java.util.stream.ReferencePipeline$2$1.accept(Unknown Source)
	at java.base/java.util.ArrayList$ArrayListSpliterator.forEachRemaining(Unknown Source)
	at java.base/java.util.stream.AbstractPipeline.copyInto(Unknown Source)
	at java.base/java.util.stream.AbstractPipeline.wrapAndCopyInto(Unknown Source)
	at java.base/java.util.stream.StreamSpliterators$WrappingSpliterator.forEachRemaining(Unknown Source)
	at java.base/java.util.stream.Streams$ConcatSpliterator.forEachRemaining(Unknown Source)
	at java.base/java.util.stream.Streams$ConcatSpliterator.forEachRemaining(Unknown Source)
	at java.base/java.util.stream.ReferencePipeline$Head.forEach(Unknown Source)
	at org.junit.jupiter.engine.descriptor.ClassBasedTestDescriptor.invokeTestInstancePostProcessors(ClassBasedTestDescriptor.java:377)
	at org.junit.jupiter.engine.descriptor.ClassBasedTestDescriptor.lambda$instantiateAndPostProcessTestInstance$6(ClassBasedTestDescriptor.java:290)
	at org.junit.platform.engine.support.hierarchical.ThrowableCollector.execute(ThrowableCollector.java:73)
	at org.junit.jupiter.engine.descriptor.ClassBasedTestDescriptor.instantiateAndPostProcessTestInstance(ClassBasedTestDescriptor.java:289)
	at org.junit.jupiter.engine.descriptor.ClassBasedTestDescriptor.lambda$testInstancesProvider$4(ClassBasedTestDescriptor.java:279)
	at java.base/java.util.Optional.orElseGet(Unknown Source)
	at org.junit.jupiter.engine.descriptor.ClassBasedTestDescriptor.lambda$testInstancesProvider$5(ClassBasedTestDescriptor.java:278)
	at org.junit.jupiter.engine.execution.TestInstancesProvider.getTestInstances(TestInstancesProvider.java:31)
	at org.junit.jupiter.engine.descriptor.TestMethodTestDescriptor.lambda$prepare$0(TestMethodTestDescriptor.java:106)
	at org.junit.platform.engine.support.hierarchical.ThrowableCollector.execute(ThrowableCollector.java:73)
	at org.junit.jupiter.engine.descriptor.TestMethodTestDescriptor.prepare(TestMethodTestDescriptor.java:105)
	at org.junit.jupiter.engine.descriptor.TestMethodTestDescriptor.prepare(TestMethodTestDescriptor.java:69)
	at org.junit.platform.engine.support.hierarchical.NodeTestTask.lambda$prepare$2(NodeTestTask.java:123)
	at org.junit.platform.engine.support.hierarchical.ThrowableCollector.execute(ThrowableCollector.java:73)
	at org.junit.platform.engine.support.hierarchical.NodeTestTask.prepare(NodeTestTask.java:123)
	at org.junit.platform.engine.support.hierarchical.NodeTestTask.execute(NodeTestTask.java:90)
	at java.base/java.util.ArrayList.forEach(Unknown Source)
	at org.junit.platform.engine.support.hierarchical.SameThreadHierarchicalTestExecutorService.invokeAll(SameThreadHierarchicalTestExecutorService.java:41)
	at org.junit.platform.engine.support.hierarchical.NodeTestTask.lambda$executeRecursively$6(NodeTestTask.java:155)
	at org.junit.platform.engine.support.hierarchical.ThrowableCollector.execute(ThrowableCollector.java:73)
	at org.junit.platform.engine.support.hierarchical.NodeTestTask.lambda$executeRecursively$8(NodeTestTask.java:141)
	at org.junit.platform.engine.support.hierarchical.Node.around(Node.java:137)
	at org.junit.platform.engine.support.hierarchical.NodeTestTask.lambda$executeRecursively$9(NodeTestTask.java:139)
	at org.junit.platform.engine.support.hierarchical.ThrowableCollector.execute(ThrowableCollector.java:73)
	at org.junit.platform.engine.support.hierarchical.NodeTestTask.executeRecursively(NodeTestTask.java:138)
	at org.junit.platform.engine.support.hierarchical.NodeTestTask.execute(NodeTestTask.java:95)
	at java.base/java.util.ArrayList.forEach(Unknown Source)
	at org.junit.platform.engine.support.hierarchical.SameThreadHierarchicalTestExecutorService.invokeAll(SameThreadHierarchicalTestExecutorService.java:41)
	at org.junit.platform.engine.support.hierarchical.NodeTestTask.lambda$executeRecursively$6(NodeTestTask.java:155)
	at org.junit.platform.engine.support.hierarchical.ThrowableCollector.execute(ThrowableCollector.java:73)
	at org.junit.platform.engine.support.hierarchical.NodeTestTask.lambda$executeRecursively$8(NodeTestTask.java:141)
	at org.junit.platform.engine.support.hierarchical.Node.around(Node.java:137)
	at org.junit.platform.engine.support.hierarchical.NodeTestTask.lambda$executeRecursively$9(NodeTestTask.java:139)
	at org.junit.platform.engine.support.hierarchical.ThrowableCollector.execute(ThrowableCollector.java:73)
	at org.junit.platform.engine.support.hierarchical.NodeTestTask.executeRecursively(NodeTestTask.java:138)
	at org.junit.platform.engine.support.hierarchical.NodeTestTask.execute(NodeTestTask.java:95)
	at org.junit.platform.engine.support.hierarchical.SameThreadHierarchicalTestExecutorService.submit(SameThreadHierarchicalTestExecutorService.java:35)
	at org.junit.platform.engine.support.hierarchical.HierarchicalTestExecutor.execute(HierarchicalTestExecutor.java:57)
	at org.junit.platform.engine.support.hierarchical.HierarchicalTestEngine.execute(HierarchicalTestEngine.java:54)
	at org.junit.platform.launcher.core.EngineExecutionOrchestrator.execute(EngineExecutionOrchestrator.java:198)
	at org.junit.platform.launcher.core.EngineExecutionOrchestrator.execute(EngineExecutionOrchestrator.java:169)
	at org.junit.platform.launcher.core.EngineExecutionOrchestrator.execute(EngineExecutionOrchestrator.java:93)
	at org.junit.platform.launcher.core.EngineExecutionOrchestrator.lambda$execute$0(EngineExecutionOrchestrator.java:58)
	at org.junit.platform.launcher.core.EngineExecutionOrchestrator.withInterceptedStreams(EngineExecutionOrchestrator.java:141)
	at org.junit.platform.launcher.core.EngineExecutionOrchestrator.execute(EngineExecutionOrchestrator.java:57)
	at org.junit.platform.launcher.core.DefaultLauncher.execute(DefaultLauncher.java:103)
	at org.junit.platform.launcher.core.DefaultLauncher.execute(DefaultLauncher.java:85)
	at org.junit.platform.launcher.core.DelegatingLauncher.execute(DelegatingLauncher.java:47)
	at org.apache.maven.surefire.junitplatform.LazyLauncher.execute(LazyLauncher.java:56)
	at org.apache.maven.surefire.junitplatform.JUnitPlatformProvider.execute(JUnitPlatformProvider.java:184)
	at org.apache.maven.surefire.junitplatform.JUnitPlatformProvider.invokeAllTests(JUnitPlatformProvider.java:148)
	at org.apache.maven.surefire.junitplatform.JUnitPlatformProvider.invoke(JUnitPlatformProvider.java:122)
	at org.apache.maven.surefire.booter.ForkedBooter.runSuitesInProcess(ForkedBooter.java:385)
	at org.apache.maven.surefire.booter.ForkedBooter.execute(ForkedBooter.java:162)
	at org.apache.maven.surefire.booter.ForkedBooter.run(ForkedBooter.java:507)
	at org.apache.maven.surefire.booter.ForkedBooter.main(ForkedBooter.java:495)
2026-02-13 18:12:42.982 [main] INFO  o.s.t.c.s.AnnotationConfigContextLoaderUtils - Could not detect default configuration classes for test class [com.example.modernrest.web.UserControllerWebMvcTest]: UserControllerWebMvcTest does not declare any static, non-private, non-final, nested classes annotated with @Configuration.
2026-02-13 18:12:43.006 [main] INFO  o.s.b.t.c.SpringBootTestContextBootstrapper - Found @SpringBootConfiguration com.example.modernrest.ModernRestServiceApplication for test class com.example.modernrest.web.UserControllerWebMvcTest
2026-02-13 18:12:43.011 [main] INFO  o.s.b.d.r.RestartApplicationListener - Restart disabled due to context in which it is running
2026-02-13 18:12:43.060 [main] INFO  c.e.m.web.UserControllerWebMvcTest - Starting UserControllerWebMvcTest using Java 21.0.6 with PID 29700 (started by ift.praveen in D:\SPRING BOOT\modern-rest-service)
2026-02-13 18:12:43.060 [main] DEBUG c.e.m.web.UserControllerWebMvcTest - Running with Spring Boot v3.3.1, Spring v6.1.10
2026-02-13 18:12:43.060 [main] INFO  c.e.m.web.UserControllerWebMvcTest - No active profile set, falling back to 1 default profile: "default"
2026-02-13 18:12:44.860 [main] WARN  o.s.w.c.s.GenericWebApplicationContext - Exception encountered during context initialization - cancelling refresh attempt: org.springframework.beans.factory.UnsatisfiedDependencyException: Error creating bean with name 'jwtAuthenticationFilter' defined in file [D:\SPRING BOOT\modern-rest-service\target\classes\com\example\modernrest\auth\JwtAuthenticationFilter.class]: Unsatisfied dependency expressed through constructor parameter 0: No qualifying bean of type 'com.example.modernrest.auth.JwtService' available: expected at least 1 bean which qualifies as autowire candidate. Dependency annotations: {}
2026-02-13 18:12:44.892 [main] INFO  o.s.b.a.l.ConditionEvaluationReportLogger - 

Error starting ApplicationContext. To display the condition evaluation report re-run your application with 'debug' enabled.
2026-02-13 18:12:44.987 [main] ERROR o.s.b.d.LoggingFailureAnalysisReporter - 

***************************
APPLICATION FAILED TO START
***************************

Description:

Parameter 0 of constructor in com.example.modernrest.auth.JwtAuthenticationFilter required a bean of type 'com.example.modernrest.auth.JwtService' that could not be found.


Action:

Consider defining a bean of type 'com.example.modernrest.auth.JwtService' in your configuration.

2026-02-13 18:12:44.999 [main] WARN  o.s.test.context.TestContextManager - Caught exception while allowing TestExecutionListener [org.springframework.boot.test.mock.mockito.MockitoTestExecutionListener] to prepare test instance [com.example.modernrest.web.UserControllerWebMvcTest@37263abc]
java.lang.IllegalStateException: Failed to load ApplicationContext for [WebMergedContextConfiguration@2e1c5321 testClass = com.example.modernrest.web.UserControllerWebMvcTest, locations = [], classes = [com.example.modernrest.ModernRestServiceApplication], contextInitializerClasses = [], activeProfiles = [], propertySourceDescriptors = [], propertySourceProperties = ["org.springframework.boot.test.autoconfigure.web.servlet.WebMvcTestContextBootstrapper=true"], contextCustomizers = [[ImportsContextCustomizer@5162cfa4 key = [org.springframework.boot.autoconfigure.task.TaskExecutionAutoConfiguration, org.springframework.boot.autoconfigure.cache.CacheAutoConfiguration, org.springframework.boot.autoconfigure.web.servlet.HttpEncodingAutoConfiguration, org.springframework.boot.autoconfigure.validation.ValidationAutoConfiguration, org.springframework.boot.autoconfigure.context.MessageSourceAutoConfiguration, org.springframework.boot.autoconfigure.hateoas.HypermediaAutoConfiguration, org.springframework.boot.autoconfigure.jackson.JacksonAutoConfiguration, org.springframework.boot.autoconfigure.data.web.SpringDataWebAutoConfiguration, org.springframework.boot.test.autoconfigure.web.reactive.WebTestClientAutoConfiguration, org.springframework.boot.autoconfigure.web.servlet.error.ErrorMvcAutoConfiguration, org.springframework.boot.test.autoconfigure.web.servlet.MockMvcAutoConfiguration, org.springframework.boot.autoconfigure.security.servlet.SecurityAutoConfiguration, org.springframework.boot.autoconfigure.security.servlet.SecurityFilterAutoConfiguration, org.springframework.boot.autoconfigure.http.HttpMessageConvertersAutoConfiguration, org.springframework.boot.autoconfigure.security.oauth2.client.servlet.OAuth2ClientAutoConfiguration, org.springframework.boot.test.autoconfigure.web.servlet.MockMvcSecurityConfiguration, org.springframework.boot.test.autoconfigure.web.servlet.MockMvcWebClientAutoConfiguration, org.springframework.boot.test.autoconfigure.web.servlet.MockMvcWebDriverAutoConfiguration, org.springframework.boot.autoconfigure.thymeleaf.ThymeleafAutoConfiguration, org.springframework.boot.autoconfigure.gson.GsonAutoConfiguration, org.springframework.boot.autoconfigure.jsonb.JsonbAutoConfiguration, org.springframework.boot.autoconfigure.freemarker.FreeMarkerAutoConfiguration, org.springframework.boot.autoconfigure.web.servlet.WebMvcAutoConfiguration, org.springframework.boot.autoconfigure.security.servlet.UserDetailsServiceAutoConfiguration, org.springframework.boot.autoconfigure.security.oauth2.resource.servlet.OAuth2ResourceServerAutoConfiguration, org.springframework.boot.autoconfigure.groovy.template.GroovyTemplateAutoConfiguration, org.springframework.boot.autoconfigure.mustache.MustacheAutoConfiguration]], org.springframework.boot.test.context.filter.ExcludeFilterContextCustomizer@2cc3ad05, org.springframework.boot.test.json.DuplicateJsonObjectContextCustomizerFactory$DuplicateJsonObjectContextCustomizer@25e2ab5a, org.springframework.boot.test.mock.mockito.MockitoContextCustomizer@6eec6490, org.springframework.boot.test.autoconfigure.OverrideAutoConfigurationContextCustomizerFactory$DisableAutoConfigurationContextCustomizer@53418cc0, org.springframework.boot.test.autoconfigure.actuate.observability.ObservabilityContextCustomizerFactory$DisableObservabilityContextCustomizer@1f, org.springframework.boot.test.autoconfigure.filter.TypeExcludeFiltersContextCustomizer@a1402e86, org.springframework.boot.test.autoconfigure.properties.PropertyMappingContextCustomizer@f0e19107, org.springframework.boot.test.autoconfigure.web.servlet.WebDriverContextCustomizer@18c5069b, org.springframework.boot.test.context.SpringBootTestAnnotation@a79173ce], resourceBasePath = "src/main/webapp", contextLoader = org.springframework.boot.test.context.SpringBootContextLoader, parent = null]
	at org.springframework.test.context.cache.DefaultCacheAwareContextLoaderDelegate.loadContext(DefaultCacheAwareContextLoaderDelegate.java:180)
	at org.springframework.test.context.support.DefaultTestContext.getApplicationContext(DefaultTestContext.java:130)
	at org.springframework.boot.test.mock.mockito.MockitoTestExecutionListener.postProcessFields(MockitoTestExecutionListener.java:122)
	at org.springframework.boot.test.mock.mockito.MockitoTestExecutionListener.injectFields(MockitoTestExecutionListener.java:106)
	at org.springframework.boot.test.mock.mockito.MockitoTestExecutionListener.prepareTestInstance(MockitoTestExecutionListener.java:63)
	at org.springframework.test.context.TestContextManager.prepareTestInstance(TestContextManager.java:260)
	at org.springframework.test.context.junit.jupiter.SpringExtension.postProcessTestInstance(SpringExtension.java:163)
	at org.junit.jupiter.engine.descriptor.ClassBasedTestDescriptor.lambda$invokeTestInstancePostProcessors$10(ClassBasedTestDescriptor.java:378)
	at org.junit.jupiter.engine.descriptor.ClassBasedTestDescriptor.executeAndMaskThrowable(ClassBasedTestDescriptor.java:383)
	at org.junit.jupiter.engine.descriptor.ClassBasedTestDescriptor.lambda$invokeTestInstancePostProcessors$11(ClassBasedTestDescriptor.java:378)
	at java.base/java.util.stream.ReferencePipeline$3$1.accept(Unknown Source)
	at java.base/java.util.stream.ReferencePipeline$2$1.accept(Unknown Source)
	at java.base/java.util.ArrayList$ArrayListSpliterator.forEachRemaining(Unknown Source)
	at java.base/java.util.stream.AbstractPipeline.copyInto(Unknown Source)
	at java.base/java.util.stream.AbstractPipeline.wrapAndCopyInto(Unknown Source)
	at java.base/java.util.stream.StreamSpliterators$WrappingSpliterator.forEachRemaining(Unknown Source)
	at java.base/java.util.stream.Streams$ConcatSpliterator.forEachRemaining(Unknown Source)
	at java.base/java.util.stream.Streams$ConcatSpliterator.forEachRemaining(Unknown Source)
	at java.base/java.util.stream.ReferencePipeline$Head.forEach(Unknown Source)
	at org.junit.jupiter.engine.descriptor.ClassBasedTestDescriptor.invokeTestInstancePostProcessors(ClassBasedTestDescriptor.java:377)
	at org.junit.jupiter.engine.descriptor.ClassBasedTestDescriptor.lambda$instantiateAndPostProcessTestInstance$6(ClassBasedTestDescriptor.java:290)
	at org.junit.platform.engine.support.hierarchical.ThrowableCollector.execute(ThrowableCollector.java:73)
	at org.junit.jupiter.engine.descriptor.ClassBasedTestDescriptor.instantiateAndPostProcessTestInstance(ClassBasedTestDescriptor.java:289)
	at org.junit.jupiter.engine.descriptor.ClassBasedTestDescriptor.lambda$testInstancesProvider$4(ClassBasedTestDescriptor.java:279)
	at java.base/java.util.Optional.orElseGet(Unknown Source)
	at org.junit.jupiter.engine.descriptor.ClassBasedTestDescriptor.lambda$testInstancesProvider$5(ClassBasedTestDescriptor.java:278)
	at org.junit.jupiter.engine.execution.TestInstancesProvider.getTestInstances(TestInstancesProvider.java:31)
	at org.junit.jupiter.engine.descriptor.TestMethodTestDescriptor.lambda$prepare$0(TestMethodTestDescriptor.java:106)
	at org.junit.platform.engine.support.hierarchical.ThrowableCollector.execute(ThrowableCollector.java:73)
	at org.junit.jupiter.engine.descriptor.TestMethodTestDescriptor.prepare(TestMethodTestDescriptor.java:105)
	at org.junit.jupiter.engine.descriptor.TestMethodTestDescriptor.prepare(TestMethodTestDescriptor.java:69)
	at org.junit.platform.engine.support.hierarchical.NodeTestTask.lambda$prepare$2(NodeTestTask.java:123)
	at org.junit.platform.engine.support.hierarchical.ThrowableCollector.execute(ThrowableCollector.java:73)
	at org.junit.platform.engine.support.hierarchical.NodeTestTask.prepare(NodeTestTask.java:123)
	at org.junit.platform.engine.support.hierarchical.NodeTestTask.execute(NodeTestTask.java:90)
	at java.base/java.util.ArrayList.forEach(Unknown Source)
	at org.junit.platform.engine.support.hierarchical.SameThreadHierarchicalTestExecutorService.invokeAll(SameThreadHierarchicalTestExecutorService.java:41)
	at org.junit.platform.engine.support.hierarchical.NodeTestTask.lambda$executeRecursively$6(NodeTestTask.java:155)
	at org.junit.platform.engine.support.hierarchical.ThrowableCollector.execute(ThrowableCollector.java:73)
	at org.junit.platform.engine.support.hierarchical.NodeTestTask.lambda$executeRecursively$8(NodeTestTask.java:141)
	at org.junit.platform.engine.support.hierarchical.Node.around(Node.java:137)
	at org.junit.platform.engine.support.hierarchical.NodeTestTask.lambda$executeRecursively$9(NodeTestTask.java:139)
	at org.junit.platform.engine.support.hierarchical.ThrowableCollector.execute(ThrowableCollector.java:73)
	at org.junit.platform.engine.support.hierarchical.NodeTestTask.executeRecursively(NodeTestTask.java:138)
	at org.junit.platform.engine.support.hierarchical.NodeTestTask.execute(NodeTestTask.java:95)
	at java.base/java.util.ArrayList.forEach(Unknown Source)
	at org.junit.platform.engine.support.hierarchical.SameThreadHierarchicalTestExecutorService.invokeAll(SameThreadHierarchicalTestExecutorService.java:41)
	at org.junit.platform.engine.support.hierarchical.NodeTestTask.lambda$executeRecursively$6(NodeTestTask.java:155)
	at org.junit.platform.engine.support.hierarchical.ThrowableCollector.execute(ThrowableCollector.java:73)
	at org.junit.platform.engine.support.hierarchical.NodeTestTask.lambda$executeRecursively$8(NodeTestTask.java:141)
	at org.junit.platform.engine.support.hierarchical.Node.around(Node.java:137)
	at org.junit.platform.engine.support.hierarchical.NodeTestTask.lambda$executeRecursively$9(NodeTestTask.java:139)
	at org.junit.platform.engine.support.hierarchical.ThrowableCollector.execute(ThrowableCollector.java:73)
	at org.junit.platform.engine.support.hierarchical.NodeTestTask.executeRecursively(NodeTestTask.java:138)
	at org.junit.platform.engine.support.hierarchical.NodeTestTask.execute(NodeTestTask.java:95)
	at org.junit.platform.engine.support.hierarchical.SameThreadHierarchicalTestExecutorService.submit(SameThreadHierarchicalTestExecutorService.java:35)
	at org.junit.platform.engine.support.hierarchical.HierarchicalTestExecutor.execute(HierarchicalTestExecutor.java:57)
	at org.junit.platform.engine.support.hierarchical.HierarchicalTestEngine.execute(HierarchicalTestEngine.java:54)
	at org.junit.platform.launcher.core.EngineExecutionOrchestrator.execute(EngineExecutionOrchestrator.java:198)
	at org.junit.platform.launcher.core.EngineExecutionOrchestrator.execute(EngineExecutionOrchestrator.java:169)
	at org.junit.platform.launcher.core.EngineExecutionOrchestrator.execute(EngineExecutionOrchestrator.java:93)
	at org.junit.platform.launcher.core.EngineExecutionOrchestrator.lambda$execute$0(EngineExecutionOrchestrator.java:58)
	at org.junit.platform.launcher.core.EngineExecutionOrchestrator.withInterceptedStreams(EngineExecutionOrchestrator.java:141)
	at org.junit.platform.launcher.core.EngineExecutionOrchestrator.execute(EngineExecutionOrchestrator.java:57)
	at org.junit.platform.launcher.core.DefaultLauncher.execute(DefaultLauncher.java:103)
	at org.junit.platform.launcher.core.DefaultLauncher.execute(DefaultLauncher.java:85)
	at org.junit.platform.launcher.core.DelegatingLauncher.execute(DelegatingLauncher.java:47)
	at org.apache.maven.surefire.junitplatform.LazyLauncher.execute(LazyLauncher.java:56)
	at org.apache.maven.surefire.junitplatform.JUnitPlatformProvider.execute(JUnitPlatformProvider.java:184)
	at org.apache.maven.surefire.junitplatform.JUnitPlatformProvider.invokeAllTests(JUnitPlatformProvider.java:148)
	at org.apache.maven.surefire.junitplatform.JUnitPlatformProvider.invoke(JUnitPlatformProvider.java:122)
	at org.apache.maven.surefire.booter.ForkedBooter.runSuitesInProcess(ForkedBooter.java:385)
	at org.apache.maven.surefire.booter.ForkedBooter.execute(ForkedBooter.java:162)
	at org.apache.maven.surefire.booter.ForkedBooter.run(ForkedBooter.java:507)
	at org.apache.maven.surefire.booter.ForkedBooter.main(ForkedBooter.java:495)
Caused by: org.springframework.beans.factory.UnsatisfiedDependencyException: Error creating bean with name 'jwtAuthenticationFilter' defined in file [D:\SPRING BOOT\modern-rest-service\target\classes\com\example\modernrest\auth\JwtAuthenticationFilter.class]: Unsatisfied dependency expressed through constructor parameter 0: No qualifying bean of type 'com.example.modernrest.auth.JwtService' available: expected at least 1 bean which qualifies as autowire candidate. Dependency annotations: {}
	at org.springframework.beans.factory.support.ConstructorResolver.createArgumentArray(ConstructorResolver.java:795)
	at org.springframework.beans.factory.support.ConstructorResolver.autowireConstructor(ConstructorResolver.java:237)
	at org.springframework.beans.factory.support.AbstractAutowireCapableBeanFactory.autowireConstructor(AbstractAutowireCapableBeanFactory.java:1357)
	at org.springframework.beans.factory.support.AbstractAutowireCapableBeanFactory.createBeanInstance(AbstractAutowireCapableBeanFactory.java:1194)
	at org.springframework.beans.factory.support.AbstractAutowireCapableBeanFactory.doCreateBean(AbstractAutowireCapableBeanFactory.java:562)
	at org.springframework.beans.factory.support.AbstractAutowireCapableBeanFactory.createBean(AbstractAutowireCapableBeanFactory.java:522)
	at org.springframework.beans.factory.support.AbstractBeanFactory.lambda$doGetBean$0(AbstractBeanFactory.java:337)
	at org.springframework.beans.factory.support.DefaultSingletonBeanRegistry.getSingleton(DefaultSingletonBeanRegistry.java:234)
	at org.springframework.beans.factory.support.AbstractBeanFactory.doGetBean(AbstractBeanFactory.java:335)
	at org.springframework.beans.factory.support.AbstractBeanFactory.getBean(AbstractBeanFactory.java:200)
	at org.springframework.beans.factory.support.DefaultListableBeanFactory.preInstantiateSingletons(DefaultListableBeanFactory.java:975)
	at org.springframework.context.support.AbstractApplicationContext.finishBeanFactoryInitialization(AbstractApplicationContext.java:962)
	at org.springframework.context.support.AbstractApplicationContext.refresh(AbstractApplicationContext.java:624)
	at org.springframework.boot.SpringApplication.refresh(SpringApplication.java:754)
	at org.springframework.boot.SpringApplication.refreshContext(SpringApplication.java:456)
	at org.springframework.boot.SpringApplication.run(SpringApplication.java:335)
	at org.springframework.boot.test.context.SpringBootContextLoader.lambda$loadContext$3(SpringBootContextLoader.java:137)
	at org.springframework.util.function.ThrowingSupplier.get(ThrowingSupplier.java:58)
	at org.springframework.util.function.ThrowingSupplier.get(ThrowingSupplier.java:46)
	at org.springframework.boot.SpringApplication.withHook(SpringApplication.java:1463)
	at org.springframework.boot.test.context.SpringBootContextLoader$ContextLoaderHook.run(SpringBootContextLoader.java:553)
	at org.springframework.boot.test.context.SpringBootContextLoader.loadContext(SpringBootContextLoader.java:137)
	at org.springframework.boot.test.context.SpringBootContextLoader.loadContext(SpringBootContextLoader.java:108)
	at org.springframework.test.context.cache.DefaultCacheAwareContextLoaderDelegate.loadContextInternal(DefaultCacheAwareContextLoaderDelegate.java:225)
	at org.springframework.test.context.cache.DefaultCacheAwareContextLoaderDelegate.loadContext(DefaultCacheAwareContextLoaderDelegate.java:152)
	... 74 common frames omitted
Caused by: org.springframework.beans.factory.NoSuchBeanDefinitionException: No qualifying bean of type 'com.example.modernrest.auth.JwtService' available: expected at least 1 bean which qualifies as autowire candidate. Dependency annotations: {}
	at org.springframework.beans.factory.support.DefaultListableBeanFactory.raiseNoMatchingBeanFound(DefaultListableBeanFactory.java:1880)
	at org.springframework.beans.factory.support.DefaultListableBeanFactory.doResolveDependency(DefaultListableBeanFactory.java:1406)
	at org.springframework.beans.factory.support.DefaultListableBeanFactory.resolveDependency(DefaultListableBeanFactory.java:1353)
	at org.springframework.beans.factory.support.ConstructorResolver.resolveAutowiredArgument(ConstructorResolver.java:904)
	at org.springframework.beans.factory.support.ConstructorResolver.createArgumentArray(ConstructorResolver.java:782)
	... 98 common frames omitted
2026-02-13 18:12:45.318 [SpringApplicationShutdownHook] INFO  o.s.o.j.LocalContainerEntityManagerFactoryBean - Closing JPA EntityManagerFactory for persistence unit 'default'
2026-02-13 18:12:45.347 [SpringApplicationShutdownHook] INFO  com.zaxxer.hikari.HikariDataSource - HikariPool-1 - Shutdown initiated...
2026-02-13 18:12:45.396 [SpringApplicationShutdownHook] INFO  com.zaxxer.hikari.HikariDataSource - HikariPool-1 - Shutdown completed.
2026-02-13 18:12:45.404 [SpringApplicationShutdownHook] INFO  o.s.o.j.LocalContainerEntityManagerFactoryBean - Closing JPA EntityManagerFactory for persistence unit 'default'
2026-02-13 18:12:45.405 [SpringApplicationShutdownHook] INFO  com.zaxxer.hikari.HikariDataSource - HikariPool-2 - Shutdown initiated...
2026-02-13 18:12:45.418 [SpringApplicationShutdownHook] INFO  com.zaxxer.hikari.HikariDataSource - HikariPool-2 - Shutdown completed.
2026-02-13 18:13:34.309 [background-preinit] INFO  o.h.validator.internal.util.Version - HV000001: Hibernate Validator 8.0.1.Final
2026-02-13 18:13:34.347 [main] INFO  c.e.m.i.UserControllerIntegrationTest - Starting UserControllerIntegrationTest using Java 21.0.6 with PID 1684 (started by ift.praveen in D:\SPRING BOOT\modern-rest-service)
2026-02-13 18:13:34.348 [main] DEBUG c.e.m.i.UserControllerIntegrationTest - Running with Spring Boot v3.3.1, Spring v6.1.10
2026-02-13 18:13:34.349 [main] INFO  c.e.m.i.UserControllerIntegrationTest - No active profile set, falling back to 1 default profile: "default"
2026-02-13 18:13:35.761 [main] INFO  o.s.d.r.c.RepositoryConfigurationDelegate - Bootstrapping Spring Data JPA repositories in DEFAULT mode.
2026-02-13 18:13:35.817 [main] INFO  o.s.d.r.c.RepositoryConfigurationDelegate - Finished Spring Data repository scanning in 46 ms. Found 1 JPA repository interface.
2026-02-13 18:13:36.911 [main] INFO  com.zaxxer.hikari.HikariDataSource - HikariPool-1 - Starting...
2026-02-13 18:13:37.244 [main] INFO  com.zaxxer.hikari.pool.HikariPool - HikariPool-1 - Added connection org.postgresql.jdbc.PgConnection@642f8b7f
2026-02-13 18:13:37.247 [main] INFO  com.zaxxer.hikari.HikariDataSource - HikariPool-1 - Start completed.
2026-02-13 18:13:37.510 [main] INFO  liquibase.database - Set default schema name to public
2026-02-13 18:13:37.991 [main] INFO  liquibase.changelog - Creating database history table with name: public.databasechangelog
2026-02-13 18:13:38.030 [main] INFO  liquibase.changelog - Reading from public.databasechangelog
2026-02-13 18:13:38.141 [main] INFO  liquibase.lockservice - Successfully acquired change log lock
2026-02-13 18:13:38.142 [main] INFO  liquibase.command - Using deploymentId: 0974018142
2026-02-13 18:13:38.145 [main] INFO  liquibase.changelog - Reading from public.databasechangelog
2026-02-13 18:13:38.175 [main] INFO  liquibase.ui - Running Changeset: db/changelog/db.changelog-master.xml::001-create-users-table::developer
2026-02-13 18:13:38.209 [main] INFO  liquibase.changelog - Table users created
2026-02-13 18:13:38.212 [main] INFO  liquibase.changelog - ChangeSet db/changelog/db.changelog-master.xml::001-create-users-table::developer ran successfully in 34ms
2026-02-13 18:13:38.226 [main] INFO  liquibase.ui - Running Changeset: db/changelog/db.changelog-master.xml::002-create-orders-table::developer
2026-02-13 18:13:38.236 [main] INFO  liquibase.changelog - Table orders created
2026-02-13 18:13:38.242 [main] INFO  liquibase.changelog - Foreign key constraint added to orders (user_id)
2026-02-13 18:13:38.243 [main] INFO  liquibase.changelog - ChangeSet db/changelog/db.changelog-master.xml::002-create-orders-table::developer ran successfully in 16ms
2026-02-13 18:13:38.255 [main] INFO  liquibase.util - UPDATE SUMMARY
2026-02-13 18:13:38.255 [main] INFO  liquibase.util - Run:                          2
2026-02-13 18:13:38.255 [main] INFO  liquibase.util - Previously run:               0
2026-02-13 18:13:38.256 [main] INFO  liquibase.util - Filtered out:                 0
2026-02-13 18:13:38.256 [main] INFO  liquibase.util - -------------------------------
2026-02-13 18:13:38.256 [main] INFO  liquibase.util - Total change sets:            2
2026-02-13 18:13:38.259 [main] INFO  liquibase.util - Update summary generated
2026-02-13 18:13:38.261 [main] INFO  liquibase.command - Update command completed successfully.
2026-02-13 18:13:38.262 [main] INFO  liquibase.ui - Liquibase: Update has been successful. Rows affected: 2
2026-02-13 18:13:38.268 [main] INFO  liquibase.lockservice - Successfully released change log lock
2026-02-13 18:13:38.270 [main] INFO  liquibase.command - Command execution complete
2026-02-13 18:13:38.463 [main] INFO  o.h.jpa.internal.util.LogHelper - HHH000204: Processing PersistenceUnitInfo [name: default]
2026-02-13 18:13:38.590 [main] INFO  org.hibernate.Version - HHH000412: Hibernate ORM core version 6.5.2.Final
2026-02-13 18:13:38.653 [main] INFO  o.h.c.i.RegionFactoryInitiator - HHH000026: Second-level cache disabled
2026-02-13 18:13:39.140 [main] INFO  o.s.o.j.p.SpringPersistenceUnitInfo - No LoadTimeWeaver setup: ignoring JPA class transformer
2026-02-13 18:13:40.572 [main] INFO  o.h.e.t.j.p.i.JtaPlatformInitiator - HHH000489: No JTA platform available (set 'hibernate.transaction.jta.platform' to enable JTA platform integration)
2026-02-13 18:13:40.605 [main] INFO  o.s.o.j.LocalContainerEntityManagerFactoryBean - Initialized JPA EntityManagerFactory for persistence unit 'default'
2026-02-13 18:13:40.945 [main] INFO  o.s.s.c.a.a.c.InitializeAuthenticationProviderBeanManagerConfigurer$InitializeAuthenticationProviderManagerConfigurer - Global AuthenticationManager configured with AuthenticationProvider bean with name authenticationProvider
2026-02-13 18:13:40.947 [main] WARN  o.s.s.c.a.a.c.InitializeUserDetailsBeanManagerConfigurer$InitializeUserDetailsManagerConfigurer - Global AuthenticationManager configured with an AuthenticationProvider bean. UserDetailsService beans will not be used for username/password login. Consider removing the AuthenticationProvider bean. Alternatively, consider using the UserDetailsService in a manually instantiated DaoAuthenticationProvider.
2026-02-13 18:13:41.442 [main] INFO  o.s.d.j.r.query.QueryEnhancerFactory - Hibernate is in classpath; If applicable, HQL parser will be used.
2026-02-13 18:13:42.652 [main] WARN  o.s.b.a.o.j.JpaBaseConfiguration$JpaWebConfiguration - spring.jpa.open-in-view is enabled by default. Therefore, database queries may be performed during view rendering. Explicitly configure spring.jpa.open-in-view to disable this warning
2026-02-13 18:13:43.718 [main] INFO  o.s.b.a.e.web.EndpointLinksResolver - Exposing 3 endpoints beneath base path '/actuator'
2026-02-13 18:13:44.676 [main] DEBUG c.e.m.auth.JwtAuthenticationFilter - Filter 'jwtAuthenticationFilter' configured for use
2026-02-13 18:13:44.677 [main] INFO  o.s.b.t.m.w.SpringBootMockServletContext - Initializing Spring TestDispatcherServlet ''
2026-02-13 18:13:44.677 [main] INFO  o.s.t.w.s.TestDispatcherServlet - Initializing Servlet ''
2026-02-13 18:13:44.679 [main] INFO  o.s.t.w.s.TestDispatcherServlet - Completed initialization in 1 ms
2026-02-13 18:13:44.754 [main] INFO  c.e.m.i.UserControllerIntegrationTest - Started UserControllerIntegrationTest in 10.798 seconds (process running for 15.559)
2026-02-13 18:13:47.821 [main] INFO  o.s.t.c.s.AnnotationConfigContextLoaderUtils - Could not detect default configuration classes for test class [com.example.modernrest.integration.UserCrudSystemTest]: UserCrudSystemTest does not declare any static, non-private, non-final, nested classes annotated with @Configuration.
2026-02-13 18:13:47.828 [main] INFO  o.s.b.t.c.SpringBootTestContextBootstrapper - Found @SpringBootConfiguration com.example.modernrest.ModernRestServiceApplication for test class com.example.modernrest.integration.UserCrudSystemTest
2026-02-13 18:13:47.830 [main] INFO  tc.postgres:15 - Creating container for image: postgres:15
2026-02-13 18:13:47.882 [main] INFO  tc.postgres:15 - Container postgres:15 is starting: 63f8cb2e3044db88bd8707852b4d16cc14581bcd700d2011c268270c31c1427f
2026-02-13 18:13:49.477 [main] INFO  tc.postgres:15 - Container postgres:15 started in PT1.6468357S
2026-02-13 18:13:49.478 [main] INFO  tc.postgres:15 - Container is started (JDBC URL: jdbc:postgresql://localhost:32796/testdb?loggerLevel=OFF)
2026-02-13 18:13:49.485 [main] INFO  o.s.b.d.r.RestartApplicationListener - Restart disabled due to context in which it is running
2026-02-13 18:13:49.515 [main] INFO  c.e.m.integration.UserCrudSystemTest - Starting UserCrudSystemTest using Java 21.0.6 with PID 1684 (started by ift.praveen in D:\SPRING BOOT\modern-rest-service)
2026-02-13 18:13:49.515 [main] DEBUG c.e.m.integration.UserCrudSystemTest - Running with Spring Boot v3.3.1, Spring v6.1.10
2026-02-13 18:13:49.515 [main] INFO  c.e.m.integration.UserCrudSystemTest - No active profile set, falling back to 1 default profile: "default"
2026-02-13 18:13:49.830 [main] INFO  o.s.d.r.c.RepositoryConfigurationDelegate - Bootstrapping Spring Data JPA repositories in DEFAULT mode.
2026-02-13 18:13:49.839 [main] INFO  o.s.d.r.c.RepositoryConfigurationDelegate - Finished Spring Data repository scanning in 8 ms. Found 1 JPA repository interface.
2026-02-13 18:13:49.971 [main] INFO  com.zaxxer.hikari.HikariDataSource - HikariPool-2 - Starting...
2026-02-13 18:13:50.009 [main] INFO  com.zaxxer.hikari.pool.HikariPool - HikariPool-2 - Added connection org.postgresql.jdbc.PgConnection@68ebc1ed
2026-02-13 18:13:50.010 [main] INFO  com.zaxxer.hikari.HikariDataSource - HikariPool-2 - Start completed.
2026-02-13 18:13:50.029 [main] INFO  liquibase.database - Set default schema name to public
2026-02-13 18:13:50.085 [main] INFO  liquibase.changelog - Creating database history table with name: public.databasechangelog
2026-02-13 18:13:50.098 [main] INFO  liquibase.changelog - Reading from public.databasechangelog
2026-02-13 18:13:50.153 [main] INFO  liquibase.lockservice - Successfully acquired change log lock
2026-02-13 18:13:50.156 [main] INFO  liquibase.command - Using deploymentId: 0974030155
2026-02-13 18:13:50.158 [main] INFO  liquibase.changelog - Reading from public.databasechangelog
2026-02-13 18:13:50.171 [main] INFO  liquibase.ui - Running Changeset: db/changelog/db.changelog-master.xml::001-create-users-table::developer
2026-02-13 18:13:50.183 [main] INFO  liquibase.changelog - Table users created
2026-02-13 18:13:50.184 [main] INFO  liquibase.changelog - ChangeSet db/changelog/db.changelog-master.xml::001-create-users-table::developer ran successfully in 12ms
2026-02-13 18:13:50.192 [main] INFO  liquibase.ui - Running Changeset: db/changelog/db.changelog-master.xml::002-create-orders-table::developer
2026-02-13 18:13:50.199 [main] INFO  liquibase.changelog - Table orders created
2026-02-13 18:13:50.202 [main] INFO  liquibase.changelog - Foreign key constraint added to orders (user_id)
2026-02-13 18:13:50.203 [main] INFO  liquibase.changelog - ChangeSet db/changelog/db.changelog-master.xml::002-create-orders-table::developer ran successfully in 11ms
2026-02-13 18:13:50.206 [main] INFO  liquibase.util - UPDATE SUMMARY
2026-02-13 18:13:50.207 [main] INFO  liquibase.util - Run:                          2
2026-02-13 18:13:50.207 [main] INFO  liquibase.util - Previously run:               0
2026-02-13 18:13:50.207 [main] INFO  liquibase.util - Filtered out:                 0
2026-02-13 18:13:50.207 [main] INFO  liquibase.util - -------------------------------
2026-02-13 18:13:50.207 [main] INFO  liquibase.util - Total change sets:            2
2026-02-13 18:13:50.207 [main] INFO  liquibase.util - Update summary generated
2026-02-13 18:13:50.208 [main] INFO  liquibase.command - Update command completed successfully.
2026-02-13 18:13:50.208 [main] INFO  liquibase.ui - Liquibase: Update has been successful. Rows affected: 2
2026-02-13 18:13:50.211 [main] INFO  liquibase.lockservice - Successfully released change log lock
2026-02-13 18:13:50.213 [main] INFO  liquibase.command - Command execution complete
2026-02-13 18:13:50.258 [main] INFO  o.h.jpa.internal.util.LogHelper - HHH000204: Processing PersistenceUnitInfo [name: default]
2026-02-13 18:13:50.264 [main] INFO  o.h.c.i.RegionFactoryInitiator - HHH000026: Second-level cache disabled
2026-02-13 18:13:50.286 [main] INFO  o.s.o.j.p.SpringPersistenceUnitInfo - No LoadTimeWeaver setup: ignoring JPA class transformer
2026-02-13 18:13:50.388 [main] INFO  o.h.e.t.j.p.i.JtaPlatformInitiator - HHH000489: No JTA platform available (set 'hibernate.transaction.jta.platform' to enable JTA platform integration)
2026-02-13 18:13:50.401 [main] INFO  o.s.o.j.LocalContainerEntityManagerFactoryBean - Initialized JPA EntityManagerFactory for persistence unit 'default'
2026-02-13 18:13:50.590 [main] INFO  o.s.s.c.a.a.c.InitializeAuthenticationProviderBeanManagerConfigurer$InitializeAuthenticationProviderManagerConfigurer - Global AuthenticationManager configured with AuthenticationProvider bean with name authenticationProvider
2026-02-13 18:13:50.591 [main] WARN  o.s.s.c.a.a.c.InitializeUserDetailsBeanManagerConfigurer$InitializeUserDetailsManagerConfigurer - Global AuthenticationManager configured with an AuthenticationProvider bean. UserDetailsService beans will not be used for username/password login. Consider removing the AuthenticationProvider bean. Alternatively, consider using the UserDetailsService in a manually instantiated DaoAuthenticationProvider.
2026-02-13 18:13:50.730 [main] WARN  o.s.b.a.o.j.JpaBaseConfiguration$JpaWebConfiguration - spring.jpa.open-in-view is enabled by default. Therefore, database queries may be performed during view rendering. Explicitly configure spring.jpa.open-in-view to disable this warning
2026-02-13 18:13:50.987 [main] INFO  o.s.b.a.e.web.EndpointLinksResolver - Exposing 3 endpoints beneath base path '/actuator'
2026-02-13 18:13:51.363 [main] DEBUG c.e.m.auth.JwtAuthenticationFilter - Filter 'jwtAuthenticationFilter' configured for use
2026-02-13 18:13:51.363 [main] INFO  o.s.b.t.m.w.SpringBootMockServletContext - Initializing Spring TestDispatcherServlet ''
2026-02-13 18:13:51.363 [main] INFO  o.s.t.w.s.TestDispatcherServlet - Initializing Servlet ''
2026-02-13 18:13:51.364 [main] INFO  o.s.t.w.s.TestDispatcherServlet - Completed initialization in 1 ms
2026-02-13 18:13:51.383 [main] INFO  c.e.m.integration.UserCrudSystemTest - Started UserCrudSystemTest in 1.898 seconds (process running for 22.188)
2026-02-13 18:13:52.332 [main] INFO  o.s.t.c.s.AnnotationConfigContextLoaderUtils - Could not detect default configuration classes for test class [com.example.modernrest.repository.UserRepositoryDataJpaTest]: UserRepositoryDataJpaTest does not declare any static, non-private, non-final, nested classes annotated with @Configuration.
2026-02-13 18:13:52.353 [main] INFO  o.s.b.t.c.SpringBootTestContextBootstrapper - Found @SpringBootConfiguration com.example.modernrest.ModernRestServiceApplication for test class com.example.modernrest.repository.UserRepositoryDataJpaTest
2026-02-13 18:13:52.356 [main] INFO  tc.postgres:15 - Creating container for image: postgres:15
2026-02-13 18:13:52.400 [main] INFO  tc.postgres:15 - Container postgres:15 is starting: 69934a98444b51be6fa032f950f77b1ef5cd5c3cb7f63eaed9c141ae38551678
2026-02-13 18:13:54.017 [main] INFO  tc.postgres:15 - Container postgres:15 started in PT1.6605827S
2026-02-13 18:13:54.017 [main] INFO  tc.postgres:15 - Container is started (JDBC URL: jdbc:postgresql://localhost:32797/testdb?loggerLevel=OFF)
2026-02-13 18:13:54.020 [main] INFO  o.s.b.d.r.RestartApplicationListener - Restart disabled due to context in which it is running
2026-02-13 18:13:54.045 [main] INFO  c.e.m.r.UserRepositoryDataJpaTest - Starting UserRepositoryDataJpaTest using Java 21.0.6 with PID 1684 (started by ift.praveen in D:\SPRING BOOT\modern-rest-service)
2026-02-13 18:13:54.045 [main] DEBUG c.e.m.r.UserRepositoryDataJpaTest - Running with Spring Boot v3.3.1, Spring v6.1.10
2026-02-13 18:13:54.045 [main] INFO  c.e.m.r.UserRepositoryDataJpaTest - No active profile set, falling back to 1 default profile: "default"
2026-02-13 18:13:54.119 [main] INFO  o.s.d.r.c.RepositoryConfigurationDelegate - Bootstrapping Spring Data JPA repositories in DEFAULT mode.
2026-02-13 18:13:54.124 [main] INFO  o.s.d.r.c.RepositoryConfigurationDelegate - Finished Spring Data repository scanning in 4 ms. Found 1 JPA repository interface.
2026-02-13 18:13:54.151 [main] INFO  com.zaxxer.hikari.HikariDataSource - HikariPool-3 - Starting...
2026-02-13 18:13:54.167 [main] INFO  com.zaxxer.hikari.pool.HikariPool - HikariPool-3 - Added connection org.postgresql.jdbc.PgConnection@3948dbb
2026-02-13 18:13:54.167 [main] INFO  com.zaxxer.hikari.HikariDataSource - HikariPool-3 - Start completed.
2026-02-13 18:13:54.177 [main] INFO  liquibase.database - Set default schema name to public
2026-02-13 18:13:54.203 [main] INFO  liquibase.changelog - Creating database history table with name: public.databasechangelog
2026-02-13 18:13:54.212 [main] INFO  liquibase.changelog - Reading from public.databasechangelog
2026-02-13 18:13:54.251 [main] INFO  liquibase.lockservice - Successfully acquired change log lock
2026-02-13 18:13:54.253 [main] INFO  liquibase.command - Using deploymentId: 0974034253
2026-02-13 18:13:54.256 [main] INFO  liquibase.changelog - Reading from public.databasechangelog
2026-02-13 18:13:54.261 [main] INFO  liquibase.ui - Running Changeset: db/changelog/db.changelog-master.xml::001-create-users-table::developer
2026-02-13 18:13:54.269 [main] INFO  liquibase.changelog - Table users created
2026-02-13 18:13:54.270 [main] INFO  liquibase.changelog - ChangeSet db/changelog/db.changelog-master.xml::001-create-users-table::developer ran successfully in 9ms
2026-02-13 18:13:54.276 [main] INFO  liquibase.ui - Running Changeset: db/changelog/db.changelog-master.xml::002-create-orders-table::developer
2026-02-13 18:13:54.282 [main] INFO  liquibase.changelog - Table orders created
2026-02-13 18:13:54.285 [main] INFO  liquibase.changelog - Foreign key constraint added to orders (user_id)
2026-02-13 18:13:54.287 [main] INFO  liquibase.changelog - ChangeSet db/changelog/db.changelog-master.xml::002-create-orders-table::developer ran successfully in 10ms
2026-02-13 18:13:54.290 [main] INFO  liquibase.util - UPDATE SUMMARY
2026-02-13 18:13:54.291 [main] INFO  liquibase.util - Run:                          2
2026-02-13 18:13:54.291 [main] INFO  liquibase.util - Previously run:               0
2026-02-13 18:13:54.291 [main] INFO  liquibase.util - Filtered out:                 0
2026-02-13 18:13:54.291 [main] INFO  liquibase.util - -------------------------------
2026-02-13 18:13:54.291 [main] INFO  liquibase.util - Total change sets:            2
2026-02-13 18:13:54.291 [main] INFO  liquibase.util - Update summary generated
2026-02-13 18:13:54.291 [main] INFO  liquibase.command - Update command completed successfully.
2026-02-13 18:13:54.291 [main] INFO  liquibase.ui - Liquibase: Update has been successful. Rows affected: 2
2026-02-13 18:13:54.295 [main] INFO  liquibase.lockservice - Successfully released change log lock
2026-02-13 18:13:54.297 [main] INFO  liquibase.command - Command execution complete
2026-02-13 18:13:54.310 [main] INFO  o.h.jpa.internal.util.LogHelper - HHH000204: Processing PersistenceUnitInfo [name: default]
2026-02-13 18:13:54.312 [main] INFO  o.h.c.i.RegionFactoryInitiator - HHH000026: Second-level cache disabled
2026-02-13 18:13:54.327 [main] INFO  o.s.o.j.p.SpringPersistenceUnitInfo - No LoadTimeWeaver setup: ignoring JPA class transformer
2026-02-13 18:13:54.405 [main] INFO  o.h.e.t.j.p.i.JtaPlatformInitiator - HHH000489: No JTA platform available (set 'hibernate.transaction.jta.platform' to enable JTA platform integration)
2026-02-13 18:13:54.418 [main] INFO  o.s.o.j.LocalContainerEntityManagerFactoryBean - Initialized JPA EntityManagerFactory for persistence unit 'default'
2026-02-13 18:13:54.466 [main] INFO  c.e.m.r.UserRepositoryDataJpaTest - Started UserRepositoryDataJpaTest in 0.446 seconds (process running for 25.272)
2026-02-13 18:13:55.591 [main] INFO  o.s.t.c.s.AnnotationConfigContextLoaderUtils - Could not detect default configuration classes for test class [com.example.modernrest.web.UserControllerWebMvcTest]: UserControllerWebMvcTest does not declare any static, non-private, non-final, nested classes annotated with @Configuration.
2026-02-13 18:13:55.606 [main] INFO  o.s.b.t.c.SpringBootTestContextBootstrapper - Found @SpringBootConfiguration com.example.modernrest.ModernRestServiceApplication for test class com.example.modernrest.web.UserControllerWebMvcTest
2026-02-13 18:13:55.609 [main] INFO  o.s.b.d.r.RestartApplicationListener - Restart disabled due to context in which it is running
2026-02-13 18:13:55.633 [main] INFO  c.e.m.web.UserControllerWebMvcTest - Starting UserControllerWebMvcTest using Java 21.0.6 with PID 1684 (started by ift.praveen in D:\SPRING BOOT\modern-rest-service)
2026-02-13 18:13:55.633 [main] DEBUG c.e.m.web.UserControllerWebMvcTest - Running with Spring Boot v3.3.1, Spring v6.1.10
2026-02-13 18:13:55.633 [main] INFO  c.e.m.web.UserControllerWebMvcTest - No active profile set, falling back to 1 default profile: "default"
2026-02-13 18:13:56.160 [main] WARN  o.s.w.c.s.GenericWebApplicationContext - Exception encountered during context initialization - cancelling refresh attempt: org.springframework.beans.factory.UnsatisfiedDependencyException: Error creating bean with name 'jwtAuthenticationFilter' defined in file [D:\SPRING BOOT\modern-rest-service\target\classes\com\example\modernrest\auth\JwtAuthenticationFilter.class]: Unsatisfied dependency expressed through constructor parameter 0: No qualifying bean of type 'com.example.modernrest.auth.JwtService' available: expected at least 1 bean which qualifies as autowire candidate. Dependency annotations: {}
2026-02-13 18:13:56.171 [main] INFO  o.s.b.a.l.ConditionEvaluationReportLogger - 

Error starting ApplicationContext. To display the condition evaluation report re-run your application with 'debug' enabled.
2026-02-13 18:13:56.246 [main] ERROR o.s.b.d.LoggingFailureAnalysisReporter - 

***************************
APPLICATION FAILED TO START
***************************

Description:

Parameter 0 of constructor in com.example.modernrest.auth.JwtAuthenticationFilter required a bean of type 'com.example.modernrest.auth.JwtService' that could not be found.


Action:

Consider defining a bean of type 'com.example.modernrest.auth.JwtService' in your configuration.

2026-02-13 18:13:56.267 [main] WARN  o.s.test.context.TestContextManager - Caught exception while allowing TestExecutionListener [org.springframework.boot.test.mock.mockito.MockitoTestExecutionListener] to prepare test instance [com.example.modernrest.web.UserControllerWebMvcTest@568c5d25]
java.lang.IllegalStateException: Failed to load ApplicationContext for [WebMergedContextConfiguration@4c1fd225 testClass = com.example.modernrest.web.UserControllerWebMvcTest, locations = [], classes = [com.example.modernrest.ModernRestServiceApplication], contextInitializerClasses = [], activeProfiles = [], propertySourceDescriptors = [], propertySourceProperties = ["org.springframework.boot.test.autoconfigure.web.servlet.WebMvcTestContextBootstrapper=true"], contextCustomizers = [[ImportsContextCustomizer@6d6d3814 key = [org.springframework.boot.autoconfigure.task.TaskExecutionAutoConfiguration, org.springframework.boot.autoconfigure.cache.CacheAutoConfiguration, org.springframework.boot.autoconfigure.web.servlet.HttpEncodingAutoConfiguration, org.springframework.boot.autoconfigure.validation.ValidationAutoConfiguration, org.springframework.boot.autoconfigure.context.MessageSourceAutoConfiguration, org.springframework.boot.autoconfigure.hateoas.HypermediaAutoConfiguration, org.springframework.boot.autoconfigure.jackson.JacksonAutoConfiguration, org.springframework.boot.autoconfigure.data.web.SpringDataWebAutoConfiguration, org.springframework.boot.test.autoconfigure.web.reactive.WebTestClientAutoConfiguration, org.springframework.boot.autoconfigure.web.servlet.error.ErrorMvcAutoConfiguration, org.springframework.boot.test.autoconfigure.web.servlet.MockMvcAutoConfiguration, org.springframework.boot.autoconfigure.security.servlet.SecurityAutoConfiguration, org.springframework.boot.autoconfigure.security.servlet.SecurityFilterAutoConfiguration, org.springframework.boot.autoconfigure.http.HttpMessageConvertersAutoConfiguration, org.springframework.boot.autoconfigure.security.oauth2.client.servlet.OAuth2ClientAutoConfiguration, org.springframework.boot.test.autoconfigure.web.servlet.MockMvcSecurityConfiguration, org.springframework.boot.test.autoconfigure.web.servlet.MockMvcWebClientAutoConfiguration, org.springframework.boot.test.autoconfigure.web.servlet.MockMvcWebDriverAutoConfiguration, org.springframework.boot.autoconfigure.thymeleaf.ThymeleafAutoConfiguration, org.springframework.boot.autoconfigure.gson.GsonAutoConfiguration, org.springframework.boot.autoconfigure.jsonb.JsonbAutoConfiguration, org.springframework.boot.autoconfigure.freemarker.FreeMarkerAutoConfiguration, org.springframework.boot.autoconfigure.web.servlet.WebMvcAutoConfiguration, org.springframework.boot.autoconfigure.security.servlet.UserDetailsServiceAutoConfiguration, org.springframework.boot.autoconfigure.security.oauth2.resource.servlet.OAuth2ResourceServerAutoConfiguration, org.springframework.boot.autoconfigure.groovy.template.GroovyTemplateAutoConfiguration, org.springframework.boot.autoconfigure.mustache.MustacheAutoConfiguration]], org.springframework.boot.test.context.filter.ExcludeFilterContextCustomizer@710b18a6, org.springframework.boot.test.json.DuplicateJsonObjectContextCustomizerFactory$DuplicateJsonObjectContextCustomizer@35e5d0e5, org.springframework.boot.test.mock.mockito.MockitoContextCustomizer@2338eb3a, org.springframework.boot.test.autoconfigure.OverrideAutoConfigurationContextCustomizerFactory$DisableAutoConfigurationContextCustomizer@5bc11e3c, org.springframework.boot.test.autoconfigure.actuate.observability.ObservabilityContextCustomizerFactory$DisableObservabilityContextCustomizer@1f, org.springframework.boot.test.autoconfigure.filter.TypeExcludeFiltersContextCustomizer@1bcde64b, org.springframework.boot.test.autoconfigure.properties.PropertyMappingContextCustomizer@f0e19107, org.springframework.boot.test.autoconfigure.web.servlet.WebDriverContextCustomizer@3a0d172f, org.springframework.boot.test.context.SpringBootTestAnnotation@75881bae], resourceBasePath = "src/main/webapp", contextLoader = org.springframework.boot.test.context.SpringBootContextLoader, parent = null]
	at org.springframework.test.context.cache.DefaultCacheAwareContextLoaderDelegate.loadContext(DefaultCacheAwareContextLoaderDelegate.java:180)
	at org.springframework.test.context.support.DefaultTestContext.getApplicationContext(DefaultTestContext.java:130)
	at org.springframework.boot.test.mock.mockito.MockitoTestExecutionListener.postProcessFields(MockitoTestExecutionListener.java:122)
	at org.springframework.boot.test.mock.mockito.MockitoTestExecutionListener.injectFields(MockitoTestExecutionListener.java:106)
	at org.springframework.boot.test.mock.mockito.MockitoTestExecutionListener.prepareTestInstance(MockitoTestExecutionListener.java:63)
	at org.springframework.test.context.TestContextManager.prepareTestInstance(TestContextManager.java:260)
	at org.springframework.test.context.junit.jupiter.SpringExtension.postProcessTestInstance(SpringExtension.java:163)
	at org.junit.jupiter.engine.descriptor.ClassBasedTestDescriptor.lambda$invokeTestInstancePostProcessors$10(ClassBasedTestDescriptor.java:378)
	at org.junit.jupiter.engine.descriptor.ClassBasedTestDescriptor.executeAndMaskThrowable(ClassBasedTestDescriptor.java:383)
	at org.junit.jupiter.engine.descriptor.ClassBasedTestDescriptor.lambda$invokeTestInstancePostProcessors$11(ClassBasedTestDescriptor.java:378)
	at java.base/java.util.stream.ReferencePipeline$3$1.accept(Unknown Source)
	at java.base/java.util.stream.ReferencePipeline$2$1.accept(Unknown Source)
	at java.base/java.util.ArrayList$ArrayListSpliterator.forEachRemaining(Unknown Source)
	at java.base/java.util.stream.AbstractPipeline.copyInto(Unknown Source)
	at java.base/java.util.stream.AbstractPipeline.wrapAndCopyInto(Unknown Source)
	at java.base/java.util.stream.StreamSpliterators$WrappingSpliterator.forEachRemaining(Unknown Source)
	at java.base/java.util.stream.Streams$ConcatSpliterator.forEachRemaining(Unknown Source)
	at java.base/java.util.stream.Streams$ConcatSpliterator.forEachRemaining(Unknown Source)
	at java.base/java.util.stream.ReferencePipeline$Head.forEach(Unknown Source)
	at org.junit.jupiter.engine.descriptor.ClassBasedTestDescriptor.invokeTestInstancePostProcessors(ClassBasedTestDescriptor.java:377)
	at org.junit.jupiter.engine.descriptor.ClassBasedTestDescriptor.lambda$instantiateAndPostProcessTestInstance$6(ClassBasedTestDescriptor.java:290)
	at org.junit.platform.engine.support.hierarchical.ThrowableCollector.execute(ThrowableCollector.java:73)
	at org.junit.jupiter.engine.descriptor.ClassBasedTestDescriptor.instantiateAndPostProcessTestInstance(ClassBasedTestDescriptor.java:289)
	at org.junit.jupiter.engine.descriptor.ClassBasedTestDescriptor.lambda$testInstancesProvider$4(ClassBasedTestDescriptor.java:279)
	at java.base/java.util.Optional.orElseGet(Unknown Source)
	at org.junit.jupiter.engine.descriptor.ClassBasedTestDescriptor.lambda$testInstancesProvider$5(ClassBasedTestDescriptor.java:278)
	at org.junit.jupiter.engine.execution.TestInstancesProvider.getTestInstances(TestInstancesProvider.java:31)
	at org.junit.jupiter.engine.descriptor.TestMethodTestDescriptor.lambda$prepare$0(TestMethodTestDescriptor.java:106)
	at org.junit.platform.engine.support.hierarchical.ThrowableCollector.execute(ThrowableCollector.java:73)
	at org.junit.jupiter.engine.descriptor.TestMethodTestDescriptor.prepare(TestMethodTestDescriptor.java:105)
	at org.junit.jupiter.engine.descriptor.TestMethodTestDescriptor.prepare(TestMethodTestDescriptor.java:69)
	at org.junit.platform.engine.support.hierarchical.NodeTestTask.lambda$prepare$2(NodeTestTask.java:123)
	at org.junit.platform.engine.support.hierarchical.ThrowableCollector.execute(ThrowableCollector.java:73)
	at org.junit.platform.engine.support.hierarchical.NodeTestTask.prepare(NodeTestTask.java:123)
	at org.junit.platform.engine.support.hierarchical.NodeTestTask.execute(NodeTestTask.java:90)
	at java.base/java.util.ArrayList.forEach(Unknown Source)
	at org.junit.platform.engine.support.hierarchical.SameThreadHierarchicalTestExecutorService.invokeAll(SameThreadHierarchicalTestExecutorService.java:41)
	at org.junit.platform.engine.support.hierarchical.NodeTestTask.lambda$executeRecursively$6(NodeTestTask.java:155)
	at org.junit.platform.engine.support.hierarchical.ThrowableCollector.execute(ThrowableCollector.java:73)
	at org.junit.platform.engine.support.hierarchical.NodeTestTask.lambda$executeRecursively$8(NodeTestTask.java:141)
	at org.junit.platform.engine.support.hierarchical.Node.around(Node.java:137)
	at org.junit.platform.engine.support.hierarchical.NodeTestTask.lambda$executeRecursively$9(NodeTestTask.java:139)
	at org.junit.platform.engine.support.hierarchical.ThrowableCollector.execute(ThrowableCollector.java:73)
	at org.junit.platform.engine.support.hierarchical.NodeTestTask.executeRecursively(NodeTestTask.java:138)
	at org.junit.platform.engine.support.hierarchical.NodeTestTask.execute(NodeTestTask.java:95)
	at java.base/java.util.ArrayList.forEach(Unknown Source)
	at org.junit.platform.engine.support.hierarchical.SameThreadHierarchicalTestExecutorService.invokeAll(SameThreadHierarchicalTestExecutorService.java:41)
	at org.junit.platform.engine.support.hierarchical.NodeTestTask.lambda$executeRecursively$6(NodeTestTask.java:155)
	at org.junit.platform.engine.support.hierarchical.ThrowableCollector.execute(ThrowableCollector.java:73)
	at org.junit.platform.engine.support.hierarchical.NodeTestTask.lambda$executeRecursively$8(NodeTestTask.java:141)
	at org.junit.platform.engine.support.hierarchical.Node.around(Node.java:137)
	at org.junit.platform.engine.support.hierarchical.NodeTestTask.lambda$executeRecursively$9(NodeTestTask.java:139)
	at org.junit.platform.engine.support.hierarchical.ThrowableCollector.execute(ThrowableCollector.java:73)
	at org.junit.platform.engine.support.hierarchical.NodeTestTask.executeRecursively(NodeTestTask.java:138)
	at org.junit.platform.engine.support.hierarchical.NodeTestTask.execute(NodeTestTask.java:95)
	at org.junit.platform.engine.support.hierarchical.SameThreadHierarchicalTestExecutorService.submit(SameThreadHierarchicalTestExecutorService.java:35)
	at org.junit.platform.engine.support.hierarchical.HierarchicalTestExecutor.execute(HierarchicalTestExecutor.java:57)
	at org.junit.platform.engine.support.hierarchical.HierarchicalTestEngine.execute(HierarchicalTestEngine.java:54)
	at org.junit.platform.launcher.core.EngineExecutionOrchestrator.execute(EngineExecutionOrchestrator.java:198)
	at org.junit.platform.launcher.core.EngineExecutionOrchestrator.execute(EngineExecutionOrchestrator.java:169)
	at org.junit.platform.launcher.core.EngineExecutionOrchestrator.execute(EngineExecutionOrchestrator.java:93)
	at org.junit.platform.launcher.core.EngineExecutionOrchestrator.lambda$execute$0(EngineExecutionOrchestrator.java:58)
	at org.junit.platform.launcher.core.EngineExecutionOrchestrator.withInterceptedStreams(EngineExecutionOrchestrator.java:141)
	at org.junit.platform.launcher.core.EngineExecutionOrchestrator.execute(EngineExecutionOrchestrator.java:57)
	at org.junit.platform.launcher.core.DefaultLauncher.execute(DefaultLauncher.java:103)
	at org.junit.platform.launcher.core.DefaultLauncher.execute(DefaultLauncher.java:85)
	at org.junit.platform.launcher.core.DelegatingLauncher.execute(DelegatingLauncher.java:47)
	at org.apache.maven.surefire.junitplatform.LazyLauncher.execute(LazyLauncher.java:56)
	at org.apache.maven.surefire.junitplatform.JUnitPlatformProvider.execute(JUnitPlatformProvider.java:184)
	at org.apache.maven.surefire.junitplatform.JUnitPlatformProvider.invokeAllTests(JUnitPlatformProvider.java:148)
	at org.apache.maven.surefire.junitplatform.JUnitPlatformProvider.invoke(JUnitPlatformProvider.java:122)
	at org.apache.maven.surefire.booter.ForkedBooter.runSuitesInProcess(ForkedBooter.java:385)
	at org.apache.maven.surefire.booter.ForkedBooter.execute(ForkedBooter.java:162)
	at org.apache.maven.surefire.booter.ForkedBooter.run(ForkedBooter.java:507)
	at org.apache.maven.surefire.booter.ForkedBooter.main(ForkedBooter.java:495)
Caused by: org.springframework.beans.factory.UnsatisfiedDependencyException: Error creating bean with name 'jwtAuthenticationFilter' defined in file [D:\SPRING BOOT\modern-rest-service\target\classes\com\example\modernrest\auth\JwtAuthenticationFilter.class]: Unsatisfied dependency expressed through constructor parameter 0: No qualifying bean of type 'com.example.modernrest.auth.JwtService' available: expected at least 1 bean which qualifies as autowire candidate. Dependency annotations: {}
	at org.springframework.beans.factory.support.ConstructorResolver.createArgumentArray(ConstructorResolver.java:795)
	at org.springframework.beans.factory.support.ConstructorResolver.autowireConstructor(ConstructorResolver.java:237)
	at org.springframework.beans.factory.support.AbstractAutowireCapableBeanFactory.autowireConstructor(AbstractAutowireCapableBeanFactory.java:1357)
	at org.springframework.beans.factory.support.AbstractAutowireCapableBeanFactory.createBeanInstance(AbstractAutowireCapableBeanFactory.java:1194)
	at org.springframework.beans.factory.support.AbstractAutowireCapableBeanFactory.doCreateBean(AbstractAutowireCapableBeanFactory.java:562)
	at org.springframework.beans.factory.support.AbstractAutowireCapableBeanFactory.createBean(AbstractAutowireCapableBeanFactory.java:522)
	at org.springframework.beans.factory.support.AbstractBeanFactory.lambda$doGetBean$0(AbstractBeanFactory.java:337)
	at org.springframework.beans.factory.support.DefaultSingletonBeanRegistry.getSingleton(DefaultSingletonBeanRegistry.java:234)
	at org.springframework.beans.factory.support.AbstractBeanFactory.doGetBean(AbstractBeanFactory.java:335)
	at org.springframework.beans.factory.support.AbstractBeanFactory.getBean(AbstractBeanFactory.java:200)
	at org.springframework.beans.factory.support.DefaultListableBeanFactory.preInstantiateSingletons(DefaultListableBeanFactory.java:975)
	at org.springframework.context.support.AbstractApplicationContext.finishBeanFactoryInitialization(AbstractApplicationContext.java:962)
	at org.springframework.context.support.AbstractApplicationContext.refresh(AbstractApplicationContext.java:624)
	at org.springframework.boot.SpringApplication.refresh(SpringApplication.java:754)
	at org.springframework.boot.SpringApplication.refreshContext(SpringApplication.java:456)
	at org.springframework.boot.SpringApplication.run(SpringApplication.java:335)
	at org.springframework.boot.test.context.SpringBootContextLoader.lambda$loadContext$3(SpringBootContextLoader.java:137)
	at org.springframework.util.function.ThrowingSupplier.get(ThrowingSupplier.java:58)
	at org.springframework.util.function.ThrowingSupplier.get(ThrowingSupplier.java:46)
	at org.springframework.boot.SpringApplication.withHook(SpringApplication.java:1463)
	at org.springframework.boot.test.context.SpringBootContextLoader$ContextLoaderHook.run(SpringBootContextLoader.java:553)
	at org.springframework.boot.test.context.SpringBootContextLoader.loadContext(SpringBootContextLoader.java:137)
	at org.springframework.boot.test.context.SpringBootContextLoader.loadContext(SpringBootContextLoader.java:108)
	at org.springframework.test.context.cache.DefaultCacheAwareContextLoaderDelegate.loadContextInternal(DefaultCacheAwareContextLoaderDelegate.java:225)
	at org.springframework.test.context.cache.DefaultCacheAwareContextLoaderDelegate.loadContext(DefaultCacheAwareContextLoaderDelegate.java:152)
	... 74 common frames omitted
Caused by: org.springframework.beans.factory.NoSuchBeanDefinitionException: No qualifying bean of type 'com.example.modernrest.auth.JwtService' available: expected at least 1 bean which qualifies as autowire candidate. Dependency annotations: {}
	at org.springframework.beans.factory.support.DefaultListableBeanFactory.raiseNoMatchingBeanFound(DefaultListableBeanFactory.java:1880)
	at org.springframework.beans.factory.support.DefaultListableBeanFactory.doResolveDependency(DefaultListableBeanFactory.java:1406)
	at org.springframework.beans.factory.support.DefaultListableBeanFactory.resolveDependency(DefaultListableBeanFactory.java:1353)
	at org.springframework.beans.factory.support.ConstructorResolver.resolveAutowiredArgument(ConstructorResolver.java:904)
	at org.springframework.beans.factory.support.ConstructorResolver.createArgumentArray(ConstructorResolver.java:782)
	... 98 common frames omitted
2026-02-13 18:13:56.380 [SpringApplicationShutdownHook] INFO  o.s.o.j.LocalContainerEntityManagerFactoryBean - Closing JPA EntityManagerFactory for persistence unit 'default'
2026-02-13 18:13:56.388 [SpringApplicationShutdownHook] INFO  com.zaxxer.hikari.HikariDataSource - HikariPool-1 - Shutdown initiated...
2026-02-13 18:13:56.401 [SpringApplicationShutdownHook] INFO  com.zaxxer.hikari.HikariDataSource - HikariPool-1 - Shutdown completed.
2026-02-13 18:13:56.411 [SpringApplicationShutdownHook] INFO  o.s.o.j.LocalContainerEntityManagerFactoryBean - Closing JPA EntityManagerFactory for persistence unit 'default'
2026-02-13 18:13:56.414 [SpringApplicationShutdownHook] INFO  com.zaxxer.hikari.HikariDataSource - HikariPool-2 - Shutdown initiated...
2026-02-13 18:13:56.422 [SpringApplicationShutdownHook] INFO  com.zaxxer.hikari.HikariDataSource - HikariPool-2 - Shutdown completed.
2026-02-13 18:13:56.425 [SpringApplicationShutdownHook] INFO  o.s.o.j.LocalContainerEntityManagerFactoryBean - Closing JPA EntityManagerFactory for persistence unit 'default'
2026-02-13 18:13:56.426 [SpringApplicationShutdownHook] INFO  com.zaxxer.hikari.HikariDataSource - HikariPool-3 - Shutdown initiated...
2026-02-13 18:13:57.212 [SpringApplicationShutdownHook] INFO  com.zaxxer.hikari.HikariDataSource - HikariPool-3 - Shutdown completed.
2026-02-13 18:14:54.824 [background-preinit] INFO  o.h.validator.internal.util.Version - HV000001: Hibernate Validator 8.0.1.Final
2026-02-13 18:14:54.889 [main] INFO  c.e.m.i.UserControllerIntegrationTest - Starting UserControllerIntegrationTest using Java 21.0.6 with PID 39028 (started by ift.praveen in D:\SPRING BOOT\modern-rest-service)
2026-02-13 18:14:54.890 [main] DEBUG c.e.m.i.UserControllerIntegrationTest - Running with Spring Boot v3.3.1, Spring v6.1.10
2026-02-13 18:14:54.891 [main] INFO  c.e.m.i.UserControllerIntegrationTest - No active profile set, falling back to 1 default profile: "default"
2026-02-13 18:15:01.810 [main] INFO  o.s.d.r.c.RepositoryConfigurationDelegate - Bootstrapping Spring Data JPA repositories in DEFAULT mode.
2026-02-13 18:15:02.054 [main] INFO  o.s.d.r.c.RepositoryConfigurationDelegate - Finished Spring Data repository scanning in 205 ms. Found 1 JPA repository interface.
2026-02-13 18:15:06.256 [main] INFO  com.zaxxer.hikari.HikariDataSource - HikariPool-1 - Starting...
2026-02-13 18:15:06.799 [main] INFO  com.zaxxer.hikari.pool.HikariPool - HikariPool-1 - Added connection org.postgresql.jdbc.PgConnection@36f497b1
2026-02-13 18:15:06.802 [main] INFO  com.zaxxer.hikari.HikariDataSource - HikariPool-1 - Start completed.
2026-02-13 18:15:07.435 [main] INFO  liquibase.database - Set default schema name to public
2026-02-13 18:15:08.456 [main] INFO  liquibase.changelog - Creating database history table with name: public.databasechangelog
2026-02-13 18:15:08.527 [main] INFO  liquibase.changelog - Reading from public.databasechangelog
2026-02-13 18:15:08.735 [main] INFO  liquibase.lockservice - Successfully acquired change log lock
2026-02-13 18:15:08.740 [main] INFO  liquibase.command - Using deploymentId: 0974108739
2026-02-13 18:15:08.744 [main] INFO  liquibase.changelog - Reading from public.databasechangelog
2026-02-13 18:15:08.820 [main] INFO  liquibase.ui - Running Changeset: db/changelog/db.changelog-master.xml::001-create-users-table::developer
2026-02-13 18:15:08.840 [main] INFO  liquibase.changelog - Table users created
2026-02-13 18:15:08.843 [main] INFO  liquibase.changelog - ChangeSet db/changelog/db.changelog-master.xml::001-create-users-table::developer ran successfully in 20ms
2026-02-13 18:15:08.862 [main] INFO  liquibase.ui - Running Changeset: db/changelog/db.changelog-master.xml::002-create-orders-table::developer
2026-02-13 18:15:08.873 [main] INFO  liquibase.changelog - Table orders created
2026-02-13 18:15:08.879 [main] INFO  liquibase.changelog - Foreign key constraint added to orders (user_id)
2026-02-13 18:15:08.881 [main] INFO  liquibase.changelog - ChangeSet db/changelog/db.changelog-master.xml::002-create-orders-table::developer ran successfully in 18ms
2026-02-13 18:15:08.898 [main] INFO  liquibase.util - UPDATE SUMMARY
2026-02-13 18:15:08.899 [main] INFO  liquibase.util - Run:                          2
2026-02-13 18:15:08.899 [main] INFO  liquibase.util - Previously run:               0
2026-02-13 18:15:08.900 [main] INFO  liquibase.util - Filtered out:                 0
2026-02-13 18:15:08.900 [main] INFO  liquibase.util - -------------------------------
2026-02-13 18:15:08.900 [main] INFO  liquibase.util - Total change sets:            2
2026-02-13 18:15:08.902 [main] INFO  liquibase.util - Update summary generated
2026-02-13 18:15:08.910 [main] INFO  liquibase.command - Update command completed successfully.
2026-02-13 18:15:08.911 [main] INFO  liquibase.ui - Liquibase: Update has been successful. Rows affected: 2
2026-02-13 18:15:08.921 [main] INFO  liquibase.lockservice - Successfully released change log lock
2026-02-13 18:15:08.925 [main] INFO  liquibase.command - Command execution complete
2026-02-13 18:15:09.226 [main] INFO  o.h.jpa.internal.util.LogHelper - HHH000204: Processing PersistenceUnitInfo [name: default]
2026-02-13 18:15:09.382 [main] INFO  org.hibernate.Version - HHH000412: Hibernate ORM core version 6.5.2.Final
2026-02-13 18:15:09.480 [main] INFO  o.h.c.i.RegionFactoryInitiator - HHH000026: Second-level cache disabled
2026-02-13 18:15:10.454 [main] INFO  o.s.o.j.p.SpringPersistenceUnitInfo - No LoadTimeWeaver setup: ignoring JPA class transformer
2026-02-13 18:15:13.144 [main] INFO  o.h.e.t.j.p.i.JtaPlatformInitiator - HHH000489: No JTA platform available (set 'hibernate.transaction.jta.platform' to enable JTA platform integration)
2026-02-13 18:15:13.236 [main] INFO  o.s.o.j.LocalContainerEntityManagerFactoryBean - Initialized JPA EntityManagerFactory for persistence unit 'default'
2026-02-13 18:15:13.829 [main] INFO  o.s.s.c.a.a.c.InitializeAuthenticationProviderBeanManagerConfigurer$InitializeAuthenticationProviderManagerConfigurer - Global AuthenticationManager configured with AuthenticationProvider bean with name authenticationProvider
2026-02-13 18:15:13.831 [main] WARN  o.s.s.c.a.a.c.InitializeUserDetailsBeanManagerConfigurer$InitializeUserDetailsManagerConfigurer - Global AuthenticationManager configured with an AuthenticationProvider bean. UserDetailsService beans will not be used for username/password login. Consider removing the AuthenticationProvider bean. Alternatively, consider using the UserDetailsService in a manually instantiated DaoAuthenticationProvider.
2026-02-13 18:15:14.734 [main] INFO  o.s.d.j.r.query.QueryEnhancerFactory - Hibernate is in classpath; If applicable, HQL parser will be used.
2026-02-13 18:15:16.698 [main] WARN  o.s.b.a.o.j.JpaBaseConfiguration$JpaWebConfiguration - spring.jpa.open-in-view is enabled by default. Therefore, database queries may be performed during view rendering. Explicitly configure spring.jpa.open-in-view to disable this warning
2026-02-13 18:15:18.541 [main] INFO  o.s.b.a.e.web.EndpointLinksResolver - Exposing 3 endpoints beneath base path '/actuator'
2026-02-13 18:15:20.491 [main] DEBUG c.e.m.auth.JwtAuthenticationFilter - Filter 'jwtAuthenticationFilter' configured for use
2026-02-13 18:15:20.493 [main] INFO  o.s.b.t.m.w.SpringBootMockServletContext - Initializing Spring TestDispatcherServlet ''
2026-02-13 18:15:20.493 [main] INFO  o.s.t.w.s.TestDispatcherServlet - Initializing Servlet ''
2026-02-13 18:15:20.496 [main] INFO  o.s.t.w.s.TestDispatcherServlet - Completed initialization in 1 ms
2026-02-13 18:15:20.656 [main] INFO  c.e.m.i.UserControllerIntegrationTest - Started UserControllerIntegrationTest in 26.594 seconds (process running for 34.874)
2026-02-13 18:15:28.345 [main] INFO  o.s.t.c.s.AnnotationConfigContextLoaderUtils - Could not detect default configuration classes for test class [com.example.modernrest.integration.UserCrudSystemTest]: UserCrudSystemTest does not declare any static, non-private, non-final, nested classes annotated with @Configuration.
2026-02-13 18:15:28.357 [main] INFO  o.s.b.t.c.SpringBootTestContextBootstrapper - Found @SpringBootConfiguration com.example.modernrest.ModernRestServiceApplication for test class com.example.modernrest.integration.UserCrudSystemTest
2026-02-13 18:15:28.364 [main] INFO  tc.postgres:15 - Creating container for image: postgres:15
2026-02-13 18:15:28.415 [main] INFO  tc.postgres:15 - Container postgres:15 is starting: 272dc36747a13ae75de0f70480bb99df0d6bddb3dbb4105128457c2ddc914642
2026-02-13 18:15:30.406 [main] INFO  tc.postgres:15 - Container postgres:15 started in PT2.0413998S
2026-02-13 18:15:30.406 [main] INFO  tc.postgres:15 - Container is started (JDBC URL: jdbc:postgresql://localhost:32800/testdb?loggerLevel=OFF)
2026-02-13 18:15:30.411 [main] INFO  o.s.b.d.r.RestartApplicationListener - Restart disabled due to context in which it is running
2026-02-13 18:15:30.461 [main] INFO  c.e.m.integration.UserCrudSystemTest - Starting UserCrudSystemTest using Java 21.0.6 with PID 39028 (started by ift.praveen in D:\SPRING BOOT\modern-rest-service)
2026-02-13 18:15:30.461 [main] DEBUG c.e.m.integration.UserCrudSystemTest - Running with Spring Boot v3.3.1, Spring v6.1.10
2026-02-13 18:15:30.461 [main] INFO  c.e.m.integration.UserCrudSystemTest - No active profile set, falling back to 1 default profile: "default"
2026-02-13 18:15:31.292 [main] INFO  o.s.d.r.c.RepositoryConfigurationDelegate - Bootstrapping Spring Data JPA repositories in DEFAULT mode.
2026-02-13 18:15:31.318 [main] INFO  o.s.d.r.c.RepositoryConfigurationDelegate - Finished Spring Data repository scanning in 26 ms. Found 1 JPA repository interface.
2026-02-13 18:15:31.580 [main] INFO  com.zaxxer.hikari.HikariDataSource - HikariPool-2 - Starting...
2026-02-13 18:15:31.637 [main] INFO  com.zaxxer.hikari.pool.HikariPool - HikariPool-2 - Added connection org.postgresql.jdbc.PgConnection@1b08681b
2026-02-13 18:15:31.638 [main] INFO  com.zaxxer.hikari.HikariDataSource - HikariPool-2 - Start completed.
2026-02-13 18:15:31.664 [main] INFO  liquibase.database - Set default schema name to public
2026-02-13 18:15:31.739 [main] INFO  liquibase.changelog - Creating database history table with name: public.databasechangelog
2026-02-13 18:15:31.752 [main] INFO  liquibase.changelog - Reading from public.databasechangelog
2026-02-13 18:15:31.821 [main] INFO  liquibase.lockservice - Successfully acquired change log lock
2026-02-13 18:15:31.824 [main] INFO  liquibase.command - Using deploymentId: 0974131824
2026-02-13 18:15:31.826 [main] INFO  liquibase.changelog - Reading from public.databasechangelog
2026-02-13 18:15:31.849 [main] INFO  liquibase.ui - Running Changeset: db/changelog/db.changelog-master.xml::001-create-users-table::developer
2026-02-13 18:15:31.860 [main] INFO  liquibase.changelog - Table users created
2026-02-13 18:15:31.863 [main] INFO  liquibase.changelog - ChangeSet db/changelog/db.changelog-master.xml::001-create-users-table::developer ran successfully in 13ms
2026-02-13 18:15:31.873 [main] INFO  liquibase.ui - Running Changeset: db/changelog/db.changelog-master.xml::002-create-orders-table::developer
2026-02-13 18:15:31.881 [main] INFO  liquibase.changelog - Table orders created
2026-02-13 18:15:31.886 [main] INFO  liquibase.changelog - Foreign key constraint added to orders (user_id)
2026-02-13 18:15:31.887 [main] INFO  liquibase.changelog - ChangeSet db/changelog/db.changelog-master.xml::002-create-orders-table::developer ran successfully in 13ms
2026-02-13 18:15:31.891 [main] INFO  liquibase.util - UPDATE SUMMARY
2026-02-13 18:15:31.891 [main] INFO  liquibase.util - Run:                          2
2026-02-13 18:15:31.892 [main] INFO  liquibase.util - Previously run:               0
2026-02-13 18:15:31.892 [main] INFO  liquibase.util - Filtered out:                 0
2026-02-13 18:15:31.892 [main] INFO  liquibase.util - -------------------------------
2026-02-13 18:15:31.892 [main] INFO  liquibase.util - Total change sets:            2
2026-02-13 18:15:31.892 [main] INFO  liquibase.util - Update summary generated
2026-02-13 18:15:31.894 [main] INFO  liquibase.command - Update command completed successfully.
2026-02-13 18:15:31.894 [main] INFO  liquibase.ui - Liquibase: Update has been successful. Rows affected: 2
2026-02-13 18:15:31.900 [main] INFO  liquibase.lockservice - Successfully released change log lock
2026-02-13 18:15:31.902 [main] INFO  liquibase.command - Command execution complete
2026-02-13 18:15:32.099 [main] INFO  o.h.jpa.internal.util.LogHelper - HHH000204: Processing PersistenceUnitInfo [name: default]
2026-02-13 18:15:32.106 [main] INFO  o.h.c.i.RegionFactoryInitiator - HHH000026: Second-level cache disabled
2026-02-13 18:15:32.129 [main] INFO  o.s.o.j.p.SpringPersistenceUnitInfo - No LoadTimeWeaver setup: ignoring JPA class transformer
2026-02-13 18:15:32.282 [main] INFO  o.h.e.t.j.p.i.JtaPlatformInitiator - HHH000489: No JTA platform available (set 'hibernate.transaction.jta.platform' to enable JTA platform integration)
2026-02-13 18:15:32.299 [main] INFO  o.s.o.j.LocalContainerEntityManagerFactoryBean - Initialized JPA EntityManagerFactory for persistence unit 'default'
2026-02-13 18:15:32.593 [main] INFO  o.s.s.c.a.a.c.InitializeAuthenticationProviderBeanManagerConfigurer$InitializeAuthenticationProviderManagerConfigurer - Global AuthenticationManager configured with AuthenticationProvider bean with name authenticationProvider
2026-02-13 18:15:32.594 [main] WARN  o.s.s.c.a.a.c.InitializeUserDetailsBeanManagerConfigurer$InitializeUserDetailsManagerConfigurer - Global AuthenticationManager configured with an AuthenticationProvider bean. UserDetailsService beans will not be used for username/password login. Consider removing the AuthenticationProvider bean. Alternatively, consider using the UserDetailsService in a manually instantiated DaoAuthenticationProvider.
2026-02-13 18:15:32.974 [main] WARN  o.s.b.a.o.j.JpaBaseConfiguration$JpaWebConfiguration - spring.jpa.open-in-view is enabled by default. Therefore, database queries may be performed during view rendering. Explicitly configure spring.jpa.open-in-view to disable this warning
2026-02-13 18:15:33.490 [main] INFO  o.s.b.a.e.web.EndpointLinksResolver - Exposing 3 endpoints beneath base path '/actuator'
2026-02-13 18:15:34.256 [main] DEBUG c.e.m.auth.JwtAuthenticationFilter - Filter 'jwtAuthenticationFilter' configured for use
2026-02-13 18:15:34.257 [main] INFO  o.s.b.t.m.w.SpringBootMockServletContext - Initializing Spring TestDispatcherServlet ''
2026-02-13 18:15:34.257 [main] INFO  o.s.t.w.s.TestDispatcherServlet - Initializing Servlet ''
2026-02-13 18:15:34.259 [main] INFO  o.s.t.w.s.TestDispatcherServlet - Completed initialization in 1 ms
2026-02-13 18:15:34.303 [main] INFO  c.e.m.integration.UserCrudSystemTest - Started UserCrudSystemTest in 3.891 seconds (process running for 48.52)
2026-02-13 18:15:35.605 [main] INFO  o.s.t.c.s.AnnotationConfigContextLoaderUtils - Could not detect default configuration classes for test class [com.example.modernrest.repository.UserRepositoryDataJpaTest]: UserRepositoryDataJpaTest does not declare any static, non-private, non-final, nested classes annotated with @Configuration.
2026-02-13 18:15:35.656 [main] INFO  o.s.b.t.c.SpringBootTestContextBootstrapper - Found @SpringBootConfiguration com.example.modernrest.ModernRestServiceApplication for test class com.example.modernrest.repository.UserRepositoryDataJpaTest
2026-02-13 18:15:35.660 [main] INFO  tc.postgres:15 - Creating container for image: postgres:15
2026-02-13 18:15:35.714 [main] INFO  tc.postgres:15 - Container postgres:15 is starting: d2067451c0b2a3820b9a90ae0226876b109dd93b5b21822e65c0103590afdbb5
2026-02-13 18:15:37.717 [main] INFO  tc.postgres:15 - Container postgres:15 started in PT2.0572304S
2026-02-13 18:15:37.718 [main] INFO  tc.postgres:15 - Container is started (JDBC URL: jdbc:postgresql://localhost:32801/testdb?loggerLevel=OFF)
2026-02-13 18:15:37.725 [main] INFO  o.s.b.d.r.RestartApplicationListener - Restart disabled due to context in which it is running
2026-02-13 18:15:37.762 [main] INFO  c.e.m.r.UserRepositoryDataJpaTest - Starting UserRepositoryDataJpaTest using Java 21.0.6 with PID 39028 (started by ift.praveen in D:\SPRING BOOT\modern-rest-service)
2026-02-13 18:15:37.763 [main] DEBUG c.e.m.r.UserRepositoryDataJpaTest - Running with Spring Boot v3.3.1, Spring v6.1.10
2026-02-13 18:15:37.763 [main] INFO  c.e.m.r.UserRepositoryDataJpaTest - No active profile set, falling back to 1 default profile: "default"
2026-02-13 18:15:37.904 [main] INFO  o.s.d.r.c.RepositoryConfigurationDelegate - Bootstrapping Spring Data JPA repositories in DEFAULT mode.
2026-02-13 18:15:37.921 [main] INFO  o.s.d.r.c.RepositoryConfigurationDelegate - Finished Spring Data repository scanning in 16 ms. Found 1 JPA repository interface.
2026-02-13 18:15:37.992 [main] INFO  com.zaxxer.hikari.HikariDataSource - HikariPool-3 - Starting...
2026-02-13 18:15:38.014 [main] INFO  com.zaxxer.hikari.pool.HikariPool - HikariPool-3 - Added connection org.postgresql.jdbc.PgConnection@5c2a52dc
2026-02-13 18:15:38.015 [main] INFO  com.zaxxer.hikari.HikariDataSource - HikariPool-3 - Start completed.
2026-02-13 18:15:38.030 [main] INFO  liquibase.database - Set default schema name to public
2026-02-13 18:15:38.103 [main] INFO  liquibase.changelog - Creating database history table with name: public.databasechangelog
2026-02-13 18:15:38.118 [main] INFO  liquibase.changelog - Reading from public.databasechangelog
2026-02-13 18:15:38.169 [main] INFO  liquibase.lockservice - Successfully acquired change log lock
2026-02-13 18:15:38.171 [main] INFO  liquibase.command - Using deploymentId: 0974138171
2026-02-13 18:15:38.174 [main] INFO  liquibase.changelog - Reading from public.databasechangelog
2026-02-13 18:15:38.191 [main] INFO  liquibase.ui - Running Changeset: db/changelog/db.changelog-master.xml::001-create-users-table::developer
2026-02-13 18:15:38.202 [main] INFO  liquibase.changelog - Table users created
2026-02-13 18:15:38.204 [main] INFO  liquibase.changelog - ChangeSet db/changelog/db.changelog-master.xml::001-create-users-table::developer ran successfully in 13ms
2026-02-13 18:15:38.213 [main] INFO  liquibase.ui - Running Changeset: db/changelog/db.changelog-master.xml::002-create-orders-table::developer
2026-02-13 18:15:38.221 [main] INFO  liquibase.changelog - Table orders created
2026-02-13 18:15:38.226 [main] INFO  liquibase.changelog - Foreign key constraint added to orders (user_id)
2026-02-13 18:15:38.228 [main] INFO  liquibase.changelog - ChangeSet db/changelog/db.changelog-master.xml::002-create-orders-table::developer ran successfully in 14ms
2026-02-13 18:15:38.233 [main] INFO  liquibase.util - UPDATE SUMMARY
2026-02-13 18:15:38.233 [main] INFO  liquibase.util - Run:                          2
2026-02-13 18:15:38.234 [main] INFO  liquibase.util - Previously run:               0
2026-02-13 18:15:38.234 [main] INFO  liquibase.util - Filtered out:                 0
2026-02-13 18:15:38.234 [main] INFO  liquibase.util - -------------------------------
2026-02-13 18:15:38.234 [main] INFO  liquibase.util - Total change sets:            2
2026-02-13 18:15:38.234 [main] INFO  liquibase.util - Update summary generated
2026-02-13 18:15:38.235 [main] INFO  liquibase.command - Update command completed successfully.
2026-02-13 18:15:38.235 [main] INFO  liquibase.ui - Liquibase: Update has been successful. Rows affected: 2
2026-02-13 18:15:38.243 [main] INFO  liquibase.lockservice - Successfully released change log lock
2026-02-13 18:15:38.245 [main] INFO  liquibase.command - Command execution complete
2026-02-13 18:15:38.282 [main] INFO  o.h.jpa.internal.util.LogHelper - HHH000204: Processing PersistenceUnitInfo [name: default]
2026-02-13 18:15:38.286 [main] INFO  o.h.c.i.RegionFactoryInitiator - HHH000026: Second-level cache disabled
2026-02-13 18:15:38.304 [main] INFO  o.s.o.j.p.SpringPersistenceUnitInfo - No LoadTimeWeaver setup: ignoring JPA class transformer
2026-02-13 18:15:38.450 [main] INFO  o.h.e.t.j.p.i.JtaPlatformInitiator - HHH000489: No JTA platform available (set 'hibernate.transaction.jta.platform' to enable JTA platform integration)
2026-02-13 18:15:38.464 [main] INFO  o.s.o.j.LocalContainerEntityManagerFactoryBean - Initialized JPA EntityManagerFactory for persistence unit 'default'
2026-02-13 18:15:38.560 [main] INFO  c.e.m.r.UserRepositoryDataJpaTest - Started UserRepositoryDataJpaTest in 0.836 seconds (process running for 52.778)
2026-02-13 18:15:40.126 [main] INFO  o.s.t.c.s.AnnotationConfigContextLoaderUtils - Could not detect default configuration classes for test class [com.example.modernrest.web.UserControllerWebMvcTest]: UserControllerWebMvcTest does not declare any static, non-private, non-final, nested classes annotated with @Configuration.
2026-02-13 18:15:40.155 [main] INFO  o.s.b.t.c.SpringBootTestContextBootstrapper - Found @SpringBootConfiguration com.example.modernrest.ModernRestServiceApplication for test class com.example.modernrest.web.UserControllerWebMvcTest
2026-02-13 18:15:40.162 [main] INFO  o.s.b.d.r.RestartApplicationListener - Restart disabled due to context in which it is running
2026-02-13 18:15:40.198 [main] INFO  c.e.m.web.UserControllerWebMvcTest - Starting UserControllerWebMvcTest using Java 21.0.6 with PID 39028 (started by ift.praveen in D:\SPRING BOOT\modern-rest-service)
2026-02-13 18:15:40.198 [main] DEBUG c.e.m.web.UserControllerWebMvcTest - Running with Spring Boot v3.3.1, Spring v6.1.10
2026-02-13 18:15:40.198 [main] INFO  c.e.m.web.UserControllerWebMvcTest - No active profile set, falling back to 1 default profile: "default"
2026-02-13 18:15:43.249 [main] WARN  o.s.w.c.s.GenericWebApplicationContext - Exception encountered during context initialization - cancelling refresh attempt: org.springframework.beans.factory.BeanCreationException: Error creating bean with name 'jpaAuditingHandler': Cannot resolve reference to bean 'jpaMappingContext' while setting constructor argument
2026-02-13 18:15:43.492 [main] INFO  o.s.b.a.l.ConditionEvaluationReportLogger - 

Error starting ApplicationContext. To display the condition evaluation report re-run your application with 'debug' enabled.
2026-02-13 18:15:43.860 [main] ERROR o.s.boot.SpringApplication - Application run failed
org.springframework.beans.factory.BeanCreationException: Error creating bean with name 'jpaAuditingHandler': Cannot resolve reference to bean 'jpaMappingContext' while setting constructor argument
	at org.springframework.beans.factory.support.BeanDefinitionValueResolver.resolveReference(BeanDefinitionValueResolver.java:377)
	at org.springframework.beans.factory.support.BeanDefinitionValueResolver.resolveValueIfNecessary(BeanDefinitionValueResolver.java:135)
	at org.springframework.beans.factory.support.ConstructorResolver.resolveConstructorArguments(ConstructorResolver.java:682)
	at org.springframework.beans.factory.support.ConstructorResolver.instantiateUsingFactoryMethod(ConstructorResolver.java:509)
	at org.springframework.beans.factory.support.AbstractAutowireCapableBeanFactory.instantiateUsingFactoryMethod(AbstractAutowireCapableBeanFactory.java:1337)
	at org.springframework.beans.factory.support.AbstractAutowireCapableBeanFactory.createBeanInstance(AbstractAutowireCapableBeanFactory.java:1167)
	at org.springframework.beans.factory.support.AbstractAutowireCapableBeanFactory.doCreateBean(AbstractAutowireCapableBeanFactory.java:562)
	at org.springframework.beans.factory.support.AbstractAutowireCapableBeanFactory.createBean(AbstractAutowireCapableBeanFactory.java:522)
	at org.springframework.beans.factory.support.AbstractBeanFactory.lambda$doGetBean$0(AbstractBeanFactory.java:337)
	at org.springframework.beans.factory.support.DefaultSingletonBeanRegistry.getSingleton(DefaultSingletonBeanRegistry.java:234)
	at org.springframework.beans.factory.support.AbstractBeanFactory.doGetBean(AbstractBeanFactory.java:335)
	at org.springframework.beans.factory.support.AbstractBeanFactory.getBean(AbstractBeanFactory.java:200)
	at org.springframework.beans.factory.support.DefaultListableBeanFactory.preInstantiateSingletons(DefaultListableBeanFactory.java:975)
	at org.springframework.context.support.AbstractApplicationContext.finishBeanFactoryInitialization(AbstractApplicationContext.java:962)
	at org.springframework.context.support.AbstractApplicationContext.refresh(AbstractApplicationContext.java:624)
	at org.springframework.boot.SpringApplication.refresh(SpringApplication.java:754)
	at org.springframework.boot.SpringApplication.refreshContext(SpringApplication.java:456)
	at org.springframework.boot.SpringApplication.run(SpringApplication.java:335)
	at org.springframework.boot.test.context.SpringBootContextLoader.lambda$loadContext$3(SpringBootContextLoader.java:137)
	at org.springframework.util.function.ThrowingSupplier.get(ThrowingSupplier.java:58)
	at org.springframework.util.function.ThrowingSupplier.get(ThrowingSupplier.java:46)
	at org.springframework.boot.SpringApplication.withHook(SpringApplication.java:1463)
	at org.springframework.boot.test.context.SpringBootContextLoader$ContextLoaderHook.run(SpringBootContextLoader.java:553)
	at org.springframework.boot.test.context.SpringBootContextLoader.loadContext(SpringBootContextLoader.java:137)
	at org.springframework.boot.test.context.SpringBootContextLoader.loadContext(SpringBootContextLoader.java:108)
	at org.springframework.test.context.cache.DefaultCacheAwareContextLoaderDelegate.loadContextInternal(DefaultCacheAwareContextLoaderDelegate.java:225)
	at org.springframework.test.context.cache.DefaultCacheAwareContextLoaderDelegate.loadContext(DefaultCacheAwareContextLoaderDelegate.java:152)
	at org.springframework.test.context.support.DefaultTestContext.getApplicationContext(DefaultTestContext.java:130)
	at org.springframework.boot.test.mock.mockito.MockitoTestExecutionListener.postProcessFields(MockitoTestExecutionListener.java:122)
	at org.springframework.boot.test.mock.mockito.MockitoTestExecutionListener.injectFields(MockitoTestExecutionListener.java:106)
	at org.springframework.boot.test.mock.mockito.MockitoTestExecutionListener.prepareTestInstance(MockitoTestExecutionListener.java:63)
	at org.springframework.test.context.TestContextManager.prepareTestInstance(TestContextManager.java:260)
	at org.springframework.test.context.junit.jupiter.SpringExtension.postProcessTestInstance(SpringExtension.java:163)
	at org.junit.jupiter.engine.descriptor.ClassBasedTestDescriptor.lambda$invokeTestInstancePostProcessors$10(ClassBasedTestDescriptor.java:378)
	at org.junit.jupiter.engine.descriptor.ClassBasedTestDescriptor.executeAndMaskThrowable(ClassBasedTestDescriptor.java:383)
	at org.junit.jupiter.engine.descriptor.ClassBasedTestDescriptor.lambda$invokeTestInstancePostProcessors$11(ClassBasedTestDescriptor.java:378)
	at java.base/java.util.stream.ReferencePipeline$3$1.accept(Unknown Source)
	at java.base/java.util.stream.ReferencePipeline$2$1.accept(Unknown Source)
	at java.base/java.util.ArrayList$ArrayListSpliterator.forEachRemaining(Unknown Source)
	at java.base/java.util.stream.AbstractPipeline.copyInto(Unknown Source)
	at java.base/java.util.stream.AbstractPipeline.wrapAndCopyInto(Unknown Source)
	at java.base/java.util.stream.StreamSpliterators$WrappingSpliterator.forEachRemaining(Unknown Source)
	at java.base/java.util.stream.Streams$ConcatSpliterator.forEachRemaining(Unknown Source)
	at java.base/java.util.stream.Streams$ConcatSpliterator.forEachRemaining(Unknown Source)
	at java.base/java.util.stream.ReferencePipeline$Head.forEach(Unknown Source)
	at org.junit.jupiter.engine.descriptor.ClassBasedTestDescriptor.invokeTestInstancePostProcessors(ClassBasedTestDescriptor.java:377)
	at org.junit.jupiter.engine.descriptor.ClassBasedTestDescriptor.lambda$instantiateAndPostProcessTestInstance$6(ClassBasedTestDescriptor.java:290)
	at org.junit.platform.engine.support.hierarchical.ThrowableCollector.execute(ThrowableCollector.java:73)
	at org.junit.jupiter.engine.descriptor.ClassBasedTestDescriptor.instantiateAndPostProcessTestInstance(ClassBasedTestDescriptor.java:289)
	at org.junit.jupiter.engine.descriptor.ClassBasedTestDescriptor.lambda$testInstancesProvider$4(ClassBasedTestDescriptor.java:279)
	at java.base/java.util.Optional.orElseGet(Unknown Source)
	at org.junit.jupiter.engine.descriptor.ClassBasedTestDescriptor.lambda$testInstancesProvider$5(ClassBasedTestDescriptor.java:278)
	at org.junit.jupiter.engine.execution.TestInstancesProvider.getTestInstances(TestInstancesProvider.java:31)
	at org.junit.jupiter.engine.descriptor.TestMethodTestDescriptor.lambda$prepare$0(TestMethodTestDescriptor.java:106)
	at org.junit.platform.engine.support.hierarchical.ThrowableCollector.execute(ThrowableCollector.java:73)
	at org.junit.jupiter.engine.descriptor.TestMethodTestDescriptor.prepare(TestMethodTestDescriptor.java:105)
	at org.junit.jupiter.engine.descriptor.TestMethodTestDescriptor.prepare(TestMethodTestDescriptor.java:69)
	at org.junit.platform.engine.support.hierarchical.NodeTestTask.lambda$prepare$2(NodeTestTask.java:123)
	at org.junit.platform.engine.support.hierarchical.ThrowableCollector.execute(ThrowableCollector.java:73)
	at org.junit.platform.engine.support.hierarchical.NodeTestTask.prepare(NodeTestTask.java:123)
	at org.junit.platform.engine.support.hierarchical.NodeTestTask.execute(NodeTestTask.java:90)
	at java.base/java.util.ArrayList.forEach(Unknown Source)
	at org.junit.platform.engine.support.hierarchical.SameThreadHierarchicalTestExecutorService.invokeAll(SameThreadHierarchicalTestExecutorService.java:41)
	at org.junit.platform.engine.support.hierarchical.NodeTestTask.lambda$executeRecursively$6(NodeTestTask.java:155)
	at org.junit.platform.engine.support.hierarchical.ThrowableCollector.execute(ThrowableCollector.java:73)
	at org.junit.platform.engine.support.hierarchical.NodeTestTask.lambda$executeRecursively$8(NodeTestTask.java:141)
	at org.junit.platform.engine.support.hierarchical.Node.around(Node.java:137)
	at org.junit.platform.engine.support.hierarchical.NodeTestTask.lambda$executeRecursively$9(NodeTestTask.java:139)
	at org.junit.platform.engine.support.hierarchical.ThrowableCollector.execute(ThrowableCollector.java:73)
	at org.junit.platform.engine.support.hierarchical.NodeTestTask.executeRecursively(NodeTestTask.java:138)
	at org.junit.platform.engine.support.hierarchical.NodeTestTask.execute(NodeTestTask.java:95)
	at java.base/java.util.ArrayList.forEach(Unknown Source)
	at org.junit.platform.engine.support.hierarchical.SameThreadHierarchicalTestExecutorService.invokeAll(SameThreadHierarchicalTestExecutorService.java:41)
	at org.junit.platform.engine.support.hierarchical.NodeTestTask.lambda$executeRecursively$6(NodeTestTask.java:155)
	at org.junit.platform.engine.support.hierarchical.ThrowableCollector.execute(ThrowableCollector.java:73)
	at org.junit.platform.engine.support.hierarchical.NodeTestTask.lambda$executeRecursively$8(NodeTestTask.java:141)
	at org.junit.platform.engine.support.hierarchical.Node.around(Node.java:137)
	at org.junit.platform.engine.support.hierarchical.NodeTestTask.lambda$executeRecursively$9(NodeTestTask.java:139)
	at org.junit.platform.engine.support.hierarchical.ThrowableCollector.execute(ThrowableCollector.java:73)
	at org.junit.platform.engine.support.hierarchical.NodeTestTask.executeRecursively(NodeTestTask.java:138)
	at org.junit.platform.engine.support.hierarchical.NodeTestTask.execute(NodeTestTask.java:95)
	at org.junit.platform.engine.support.hierarchical.SameThreadHierarchicalTestExecutorService.submit(SameThreadHierarchicalTestExecutorService.java:35)
	at org.junit.platform.engine.support.hierarchical.HierarchicalTestExecutor.execute(HierarchicalTestExecutor.java:57)
	at org.junit.platform.engine.support.hierarchical.HierarchicalTestEngine.execute(HierarchicalTestEngine.java:54)
	at org.junit.platform.launcher.core.EngineExecutionOrchestrator.execute(EngineExecutionOrchestrator.java:198)
	at org.junit.platform.launcher.core.EngineExecutionOrchestrator.execute(EngineExecutionOrchestrator.java:169)
	at org.junit.platform.launcher.core.EngineExecutionOrchestrator.execute(EngineExecutionOrchestrator.java:93)
	at org.junit.platform.launcher.core.EngineExecutionOrchestrator.lambda$execute$0(EngineExecutionOrchestrator.java:58)
	at org.junit.platform.launcher.core.EngineExecutionOrchestrator.withInterceptedStreams(EngineExecutionOrchestrator.java:141)
	at org.junit.platform.launcher.core.EngineExecutionOrchestrator.execute(EngineExecutionOrchestrator.java:57)
	at org.junit.platform.launcher.core.DefaultLauncher.execute(DefaultLauncher.java:103)
	at org.junit.platform.launcher.core.DefaultLauncher.execute(DefaultLauncher.java:85)
	at org.junit.platform.launcher.core.DelegatingLauncher.execute(DelegatingLauncher.java:47)
	at org.apache.maven.surefire.junitplatform.LazyLauncher.execute(LazyLauncher.java:56)
	at org.apache.maven.surefire.junitplatform.JUnitPlatformProvider.execute(JUnitPlatformProvider.java:184)
	at org.apache.maven.surefire.junitplatform.JUnitPlatformProvider.invokeAllTests(JUnitPlatformProvider.java:148)
	at org.apache.maven.surefire.junitplatform.JUnitPlatformProvider.invoke(JUnitPlatformProvider.java:122)
	at org.apache.maven.surefire.booter.ForkedBooter.runSuitesInProcess(ForkedBooter.java:385)
	at org.apache.maven.surefire.booter.ForkedBooter.execute(ForkedBooter.java:162)
	at org.apache.maven.surefire.booter.ForkedBooter.run(ForkedBooter.java:507)
	at org.apache.maven.surefire.booter.ForkedBooter.main(ForkedBooter.java:495)
Caused by: org.springframework.beans.factory.BeanCreationException: Error creating bean with name 'jpaMappingContext': JPA metamodel must not be empty
	at org.springframework.beans.factory.support.AbstractAutowireCapableBeanFactory.initializeBean(AbstractAutowireCapableBeanFactory.java:1788)
	at org.springframework.beans.factory.support.AbstractAutowireCapableBeanFactory.doCreateBean(AbstractAutowireCapableBeanFactory.java:600)
	at org.springframework.beans.factory.support.AbstractAutowireCapableBeanFactory.createBean(AbstractAutowireCapableBeanFactory.java:522)
	at org.springframework.beans.factory.support.AbstractBeanFactory.lambda$doGetBean$0(AbstractBeanFactory.java:337)
	at org.springframework.beans.factory.support.DefaultSingletonBeanRegistry.getSingleton(DefaultSingletonBeanRegistry.java:234)
	at org.springframework.beans.factory.support.AbstractBeanFactory.doGetBean(AbstractBeanFactory.java:335)
	at org.springframework.beans.factory.support.AbstractBeanFactory.getBean(AbstractBeanFactory.java:200)
	at org.springframework.beans.factory.support.BeanDefinitionValueResolver.resolveReference(BeanDefinitionValueResolver.java:365)
	... 100 common frames omitted
Caused by: java.lang.IllegalArgumentException: JPA metamodel must not be empty
	at org.springframework.util.Assert.notEmpty(Assert.java:381)
	at org.springframework.data.jpa.mapping.JpaMetamodelMappingContext.<init>(JpaMetamodelMappingContext.java:58)
	at org.springframework.data.jpa.repository.config.JpaMetamodelMappingContextFactoryBean.createInstance(JpaMetamodelMappingContextFactoryBean.java:68)
	at org.springframework.data.jpa.repository.config.JpaMetamodelMappingContextFactoryBean.createInstance(JpaMetamodelMappingContextFactoryBean.java:1)
	at org.springframework.beans.factory.config.AbstractFactoryBean.afterPropertiesSet(AbstractFactoryBean.java:142)
	at org.springframework.beans.factory.support.AbstractAutowireCapableBeanFactory.invokeInitMethods(AbstractAutowireCapableBeanFactory.java:1835)
	at org.springframework.beans.factory.support.AbstractAutowireCapableBeanFactory.initializeBean(AbstractAutowireCapableBeanFactory.java:1784)
	... 107 common frames omitted
2026-02-13 18:15:43.968 [main] WARN  o.s.test.context.TestContextManager - Caught exception while allowing TestExecutionListener [org.springframework.boot.test.mock.mockito.MockitoTestExecutionListener] to prepare test instance [com.example.modernrest.web.UserControllerWebMvcTest@697b1b46]
java.lang.IllegalStateException: Failed to load ApplicationContext for [WebMergedContextConfiguration@56b7fcf6 testClass = com.example.modernrest.web.UserControllerWebMvcTest, locations = [], classes = [com.example.modernrest.ModernRestServiceApplication], contextInitializerClasses = [], activeProfiles = [], propertySourceDescriptors = [], propertySourceProperties = ["org.springframework.boot.test.autoconfigure.web.servlet.WebMvcTestContextBootstrapper=true"], contextCustomizers = [[ImportsContextCustomizer@2568d45a key = [org.springframework.boot.autoconfigure.task.TaskExecutionAutoConfiguration, org.springframework.boot.autoconfigure.cache.CacheAutoConfiguration, org.springframework.boot.autoconfigure.web.servlet.HttpEncodingAutoConfiguration, org.springframework.boot.autoconfigure.validation.ValidationAutoConfiguration, org.springframework.boot.autoconfigure.context.MessageSourceAutoConfiguration, org.springframework.boot.autoconfigure.hateoas.HypermediaAutoConfiguration, org.springframework.boot.autoconfigure.jackson.JacksonAutoConfiguration, org.springframework.boot.autoconfigure.data.web.SpringDataWebAutoConfiguration, org.springframework.boot.test.autoconfigure.web.reactive.WebTestClientAutoConfiguration, org.springframework.boot.autoconfigure.web.servlet.error.ErrorMvcAutoConfiguration, org.springframework.boot.test.autoconfigure.web.servlet.MockMvcAutoConfiguration, org.springframework.boot.autoconfigure.security.servlet.SecurityAutoConfiguration, org.springframework.boot.autoconfigure.security.servlet.SecurityFilterAutoConfiguration, org.springframework.boot.autoconfigure.http.HttpMessageConvertersAutoConfiguration, org.springframework.boot.autoconfigure.security.oauth2.client.servlet.OAuth2ClientAutoConfiguration, org.springframework.boot.test.autoconfigure.web.servlet.MockMvcSecurityConfiguration, org.springframework.boot.test.autoconfigure.web.servlet.MockMvcWebClientAutoConfiguration, org.springframework.boot.test.autoconfigure.web.servlet.MockMvcWebDriverAutoConfiguration, org.springframework.boot.autoconfigure.thymeleaf.ThymeleafAutoConfiguration, org.springframework.boot.autoconfigure.gson.GsonAutoConfiguration, org.springframework.boot.autoconfigure.jsonb.JsonbAutoConfiguration, org.springframework.boot.autoconfigure.freemarker.FreeMarkerAutoConfiguration, org.springframework.boot.autoconfigure.web.servlet.WebMvcAutoConfiguration, org.springframework.boot.autoconfigure.security.servlet.UserDetailsServiceAutoConfiguration, org.springframework.boot.autoconfigure.security.oauth2.resource.servlet.OAuth2ResourceServerAutoConfiguration, org.springframework.boot.autoconfigure.groovy.template.GroovyTemplateAutoConfiguration, org.springframework.boot.autoconfigure.mustache.MustacheAutoConfiguration]], org.springframework.boot.test.context.filter.ExcludeFilterContextCustomizer@710b18a6, org.springframework.boot.test.json.DuplicateJsonObjectContextCustomizerFactory$DuplicateJsonObjectContextCustomizer@35e5d0e5, org.springframework.boot.test.mock.mockito.MockitoContextCustomizer@facf8e14, org.springframework.boot.test.autoconfigure.OverrideAutoConfigurationContextCustomizerFactory$DisableAutoConfigurationContextCustomizer@52e2ea7a, org.springframework.boot.test.autoconfigure.actuate.observability.ObservabilityContextCustomizerFactory$DisableObservabilityContextCustomizer@1f, org.springframework.boot.test.autoconfigure.filter.TypeExcludeFiltersContextCustomizer@db2976cf, org.springframework.boot.test.autoconfigure.properties.PropertyMappingContextCustomizer@f0e19107, org.springframework.boot.test.autoconfigure.web.servlet.WebDriverContextCustomizer@3a0d172f, org.springframework.boot.test.context.SpringBootTestAnnotation@89d79a10], resourceBasePath = "src/main/webapp", contextLoader = org.springframework.boot.test.context.SpringBootContextLoader, parent = null]
	at org.springframework.test.context.cache.DefaultCacheAwareContextLoaderDelegate.loadContext(DefaultCacheAwareContextLoaderDelegate.java:180)
	at org.springframework.test.context.support.DefaultTestContext.getApplicationContext(DefaultTestContext.java:130)
	at org.springframework.boot.test.mock.mockito.MockitoTestExecutionListener.postProcessFields(MockitoTestExecutionListener.java:122)
	at org.springframework.boot.test.mock.mockito.MockitoTestExecutionListener.injectFields(MockitoTestExecutionListener.java:106)
	at org.springframework.boot.test.mock.mockito.MockitoTestExecutionListener.prepareTestInstance(MockitoTestExecutionListener.java:63)
	at org.springframework.test.context.TestContextManager.prepareTestInstance(TestContextManager.java:260)
	at org.springframework.test.context.junit.jupiter.SpringExtension.postProcessTestInstance(SpringExtension.java:163)
	at org.junit.jupiter.engine.descriptor.ClassBasedTestDescriptor.lambda$invokeTestInstancePostProcessors$10(ClassBasedTestDescriptor.java:378)
	at org.junit.jupiter.engine.descriptor.ClassBasedTestDescriptor.executeAndMaskThrowable(ClassBasedTestDescriptor.java:383)
	at org.junit.jupiter.engine.descriptor.ClassBasedTestDescriptor.lambda$invokeTestInstancePostProcessors$11(ClassBasedTestDescriptor.java:378)
	at java.base/java.util.stream.ReferencePipeline$3$1.accept(Unknown Source)
	at java.base/java.util.stream.ReferencePipeline$2$1.accept(Unknown Source)
	at java.base/java.util.ArrayList$ArrayListSpliterator.forEachRemaining(Unknown Source)
	at java.base/java.util.stream.AbstractPipeline.copyInto(Unknown Source)
	at java.base/java.util.stream.AbstractPipeline.wrapAndCopyInto(Unknown Source)
	at java.base/java.util.stream.StreamSpliterators$WrappingSpliterator.forEachRemaining(Unknown Source)
	at java.base/java.util.stream.Streams$ConcatSpliterator.forEachRemaining(Unknown Source)
	at java.base/java.util.stream.Streams$ConcatSpliterator.forEachRemaining(Unknown Source)
	at java.base/java.util.stream.ReferencePipeline$Head.forEach(Unknown Source)
	at org.junit.jupiter.engine.descriptor.ClassBasedTestDescriptor.invokeTestInstancePostProcessors(ClassBasedTestDescriptor.java:377)
	at org.junit.jupiter.engine.descriptor.ClassBasedTestDescriptor.lambda$instantiateAndPostProcessTestInstance$6(ClassBasedTestDescriptor.java:290)
	at org.junit.platform.engine.support.hierarchical.ThrowableCollector.execute(ThrowableCollector.java:73)
	at org.junit.jupiter.engine.descriptor.ClassBasedTestDescriptor.instantiateAndPostProcessTestInstance(ClassBasedTestDescriptor.java:289)
	at org.junit.jupiter.engine.descriptor.ClassBasedTestDescriptor.lambda$testInstancesProvider$4(ClassBasedTestDescriptor.java:279)
	at java.base/java.util.Optional.orElseGet(Unknown Source)
	at org.junit.jupiter.engine.descriptor.ClassBasedTestDescriptor.lambda$testInstancesProvider$5(ClassBasedTestDescriptor.java:278)
	at org.junit.jupiter.engine.execution.TestInstancesProvider.getTestInstances(TestInstancesProvider.java:31)
	at org.junit.jupiter.engine.descriptor.TestMethodTestDescriptor.lambda$prepare$0(TestMethodTestDescriptor.java:106)
	at org.junit.platform.engine.support.hierarchical.ThrowableCollector.execute(ThrowableCollector.java:73)
	at org.junit.jupiter.engine.descriptor.TestMethodTestDescriptor.prepare(TestMethodTestDescriptor.java:105)
	at org.junit.jupiter.engine.descriptor.TestMethodTestDescriptor.prepare(TestMethodTestDescriptor.java:69)
	at org.junit.platform.engine.support.hierarchical.NodeTestTask.lambda$prepare$2(NodeTestTask.java:123)
	at org.junit.platform.engine.support.hierarchical.ThrowableCollector.execute(ThrowableCollector.java:73)
	at org.junit.platform.engine.support.hierarchical.NodeTestTask.prepare(NodeTestTask.java:123)
	at org.junit.platform.engine.support.hierarchical.NodeTestTask.execute(NodeTestTask.java:90)
	at java.base/java.util.ArrayList.forEach(Unknown Source)
	at org.junit.platform.engine.support.hierarchical.SameThreadHierarchicalTestExecutorService.invokeAll(SameThreadHierarchicalTestExecutorService.java:41)
	at org.junit.platform.engine.support.hierarchical.NodeTestTask.lambda$executeRecursively$6(NodeTestTask.java:155)
	at org.junit.platform.engine.support.hierarchical.ThrowableCollector.execute(ThrowableCollector.java:73)
	at org.junit.platform.engine.support.hierarchical.NodeTestTask.lambda$executeRecursively$8(NodeTestTask.java:141)
	at org.junit.platform.engine.support.hierarchical.Node.around(Node.java:137)
	at org.junit.platform.engine.support.hierarchical.NodeTestTask.lambda$executeRecursively$9(NodeTestTask.java:139)
	at org.junit.platform.engine.support.hierarchical.ThrowableCollector.execute(ThrowableCollector.java:73)
	at org.junit.platform.engine.support.hierarchical.NodeTestTask.executeRecursively(NodeTestTask.java:138)
	at org.junit.platform.engine.support.hierarchical.NodeTestTask.execute(NodeTestTask.java:95)
	at java.base/java.util.ArrayList.forEach(Unknown Source)
	at org.junit.platform.engine.support.hierarchical.SameThreadHierarchicalTestExecutorService.invokeAll(SameThreadHierarchicalTestExecutorService.java:41)
	at org.junit.platform.engine.support.hierarchical.NodeTestTask.lambda$executeRecursively$6(NodeTestTask.java:155)
	at org.junit.platform.engine.support.hierarchical.ThrowableCollector.execute(ThrowableCollector.java:73)
	at org.junit.platform.engine.support.hierarchical.NodeTestTask.lambda$executeRecursively$8(NodeTestTask.java:141)
	at org.junit.platform.engine.support.hierarchical.Node.around(Node.java:137)
	at org.junit.platform.engine.support.hierarchical.NodeTestTask.lambda$executeRecursively$9(NodeTestTask.java:139)
	at org.junit.platform.engine.support.hierarchical.ThrowableCollector.execute(ThrowableCollector.java:73)
	at org.junit.platform.engine.support.hierarchical.NodeTestTask.executeRecursively(NodeTestTask.java:138)
	at org.junit.platform.engine.support.hierarchical.NodeTestTask.execute(NodeTestTask.java:95)
	at org.junit.platform.engine.support.hierarchical.SameThreadHierarchicalTestExecutorService.submit(SameThreadHierarchicalTestExecutorService.java:35)
	at org.junit.platform.engine.support.hierarchical.HierarchicalTestExecutor.execute(HierarchicalTestExecutor.java:57)
	at org.junit.platform.engine.support.hierarchical.HierarchicalTestEngine.execute(HierarchicalTestEngine.java:54)
	at org.junit.platform.launcher.core.EngineExecutionOrchestrator.execute(EngineExecutionOrchestrator.java:198)
	at org.junit.platform.launcher.core.EngineExecutionOrchestrator.execute(EngineExecutionOrchestrator.java:169)
	at org.junit.platform.launcher.core.EngineExecutionOrchestrator.execute(EngineExecutionOrchestrator.java:93)
	at org.junit.platform.launcher.core.EngineExecutionOrchestrator.lambda$execute$0(EngineExecutionOrchestrator.java:58)
	at org.junit.platform.launcher.core.EngineExecutionOrchestrator.withInterceptedStreams(EngineExecutionOrchestrator.java:141)
	at org.junit.platform.launcher.core.EngineExecutionOrchestrator.execute(EngineExecutionOrchestrator.java:57)
	at org.junit.platform.launcher.core.DefaultLauncher.execute(DefaultLauncher.java:103)
	at org.junit.platform.launcher.core.DefaultLauncher.execute(DefaultLauncher.java:85)
	at org.junit.platform.launcher.core.DelegatingLauncher.execute(DelegatingLauncher.java:47)
	at org.apache.maven.surefire.junitplatform.LazyLauncher.execute(LazyLauncher.java:56)
	at org.apache.maven.surefire.junitplatform.JUnitPlatformProvider.execute(JUnitPlatformProvider.java:184)
	at org.apache.maven.surefire.junitplatform.JUnitPlatformProvider.invokeAllTests(JUnitPlatformProvider.java:148)
	at org.apache.maven.surefire.junitplatform.JUnitPlatformProvider.invoke(JUnitPlatformProvider.java:122)
	at org.apache.maven.surefire.booter.ForkedBooter.runSuitesInProcess(ForkedBooter.java:385)
	at org.apache.maven.surefire.booter.ForkedBooter.execute(ForkedBooter.java:162)
	at org.apache.maven.surefire.booter.ForkedBooter.run(ForkedBooter.java:507)
	at org.apache.maven.surefire.booter.ForkedBooter.main(ForkedBooter.java:495)
Caused by: org.springframework.beans.factory.BeanCreationException: Error creating bean with name 'jpaAuditingHandler': Cannot resolve reference to bean 'jpaMappingContext' while setting constructor argument
	at org.springframework.beans.factory.support.BeanDefinitionValueResolver.resolveReference(BeanDefinitionValueResolver.java:377)
	at org.springframework.beans.factory.support.BeanDefinitionValueResolver.resolveValueIfNecessary(BeanDefinitionValueResolver.java:135)
	at org.springframework.beans.factory.support.ConstructorResolver.resolveConstructorArguments(ConstructorResolver.java:682)
	at org.springframework.beans.factory.support.ConstructorResolver.instantiateUsingFactoryMethod(ConstructorResolver.java:509)
	at org.springframework.beans.factory.support.AbstractAutowireCapableBeanFactory.instantiateUsingFactoryMethod(AbstractAutowireCapableBeanFactory.java:1337)
	at org.springframework.beans.factory.support.AbstractAutowireCapableBeanFactory.createBeanInstance(AbstractAutowireCapableBeanFactory.java:1167)
	at org.springframework.beans.factory.support.AbstractAutowireCapableBeanFactory.doCreateBean(AbstractAutowireCapableBeanFactory.java:562)
	at org.springframework.beans.factory.support.AbstractAutowireCapableBeanFactory.createBean(AbstractAutowireCapableBeanFactory.java:522)
	at org.springframework.beans.factory.support.AbstractBeanFactory.lambda$doGetBean$0(AbstractBeanFactory.java:337)
	at org.springframework.beans.factory.support.DefaultSingletonBeanRegistry.getSingleton(DefaultSingletonBeanRegistry.java:234)
	at org.springframework.beans.factory.support.AbstractBeanFactory.doGetBean(AbstractBeanFactory.java:335)
	at org.springframework.beans.factory.support.AbstractBeanFactory.getBean(AbstractBeanFactory.java:200)
	at org.springframework.beans.factory.support.DefaultListableBeanFactory.preInstantiateSingletons(DefaultListableBeanFactory.java:975)
	at org.springframework.context.support.AbstractApplicationContext.finishBeanFactoryInitialization(AbstractApplicationContext.java:962)
	at org.springframework.context.support.AbstractApplicationContext.refresh(AbstractApplicationContext.java:624)
	at org.springframework.boot.SpringApplication.refresh(SpringApplication.java:754)
	at org.springframework.boot.SpringApplication.refreshContext(SpringApplication.java:456)
	at org.springframework.boot.SpringApplication.run(SpringApplication.java:335)
	at org.springframework.boot.test.context.SpringBootContextLoader.lambda$loadContext$3(SpringBootContextLoader.java:137)
	at org.springframework.util.function.ThrowingSupplier.get(ThrowingSupplier.java:58)
	at org.springframework.util.function.ThrowingSupplier.get(ThrowingSupplier.java:46)
	at org.springframework.boot.SpringApplication.withHook(SpringApplication.java:1463)
	at org.springframework.boot.test.context.SpringBootContextLoader$ContextLoaderHook.run(SpringBootContextLoader.java:553)
	at org.springframework.boot.test.context.SpringBootContextLoader.loadContext(SpringBootContextLoader.java:137)
	at org.springframework.boot.test.context.SpringBootContextLoader.loadContext(SpringBootContextLoader.java:108)
	at org.springframework.test.context.cache.DefaultCacheAwareContextLoaderDelegate.loadContextInternal(DefaultCacheAwareContextLoaderDelegate.java:225)
	at org.springframework.test.context.cache.DefaultCacheAwareContextLoaderDelegate.loadContext(DefaultCacheAwareContextLoaderDelegate.java:152)
	... 74 common frames omitted
Caused by: org.springframework.beans.factory.BeanCreationException: Error creating bean with name 'jpaMappingContext': JPA metamodel must not be empty
	at org.springframework.beans.factory.support.AbstractAutowireCapableBeanFactory.initializeBean(AbstractAutowireCapableBeanFactory.java:1788)
	at org.springframework.beans.factory.support.AbstractAutowireCapableBeanFactory.doCreateBean(AbstractAutowireCapableBeanFactory.java:600)
	at org.springframework.beans.factory.support.AbstractAutowireCapableBeanFactory.createBean(AbstractAutowireCapableBeanFactory.java:522)
	at org.springframework.beans.factory.support.AbstractBeanFactory.lambda$doGetBean$0(AbstractBeanFactory.java:337)
	at org.springframework.beans.factory.support.DefaultSingletonBeanRegistry.getSingleton(DefaultSingletonBeanRegistry.java:234)
	at org.springframework.beans.factory.support.AbstractBeanFactory.doGetBean(AbstractBeanFactory.java:335)
	at org.springframework.beans.factory.support.AbstractBeanFactory.getBean(AbstractBeanFactory.java:200)
	at org.springframework.beans.factory.support.BeanDefinitionValueResolver.resolveReference(BeanDefinitionValueResolver.java:365)
	... 100 common frames omitted
Caused by: java.lang.IllegalArgumentException: JPA metamodel must not be empty
	at org.springframework.util.Assert.notEmpty(Assert.java:381)
	at org.springframework.data.jpa.mapping.JpaMetamodelMappingContext.<init>(JpaMetamodelMappingContext.java:58)
	at org.springframework.data.jpa.repository.config.JpaMetamodelMappingContextFactoryBean.createInstance(JpaMetamodelMappingContextFactoryBean.java:68)
	at org.springframework.data.jpa.repository.config.JpaMetamodelMappingContextFactoryBean.createInstance(JpaMetamodelMappingContextFactoryBean.java:1)
	at org.springframework.beans.factory.config.AbstractFactoryBean.afterPropertiesSet(AbstractFactoryBean.java:142)
	at org.springframework.beans.factory.support.AbstractAutowireCapableBeanFactory.invokeInitMethods(AbstractAutowireCapableBeanFactory.java:1835)
	at org.springframework.beans.factory.support.AbstractAutowireCapableBeanFactory.initializeBean(AbstractAutowireCapableBeanFactory.java:1784)
	... 107 common frames omitted
2026-02-13 18:15:44.343 [SpringApplicationShutdownHook] INFO  o.s.o.j.LocalContainerEntityManagerFactoryBean - Closing JPA EntityManagerFactory for persistence unit 'default'
2026-02-13 18:15:44.356 [SpringApplicationShutdownHook] INFO  com.zaxxer.hikari.HikariDataSource - HikariPool-1 - Shutdown initiated...
2026-02-13 18:15:44.382 [SpringApplicationShutdownHook] INFO  com.zaxxer.hikari.HikariDataSource - HikariPool-1 - Shutdown completed.
2026-02-13 18:15:44.390 [SpringApplicationShutdownHook] INFO  o.s.o.j.LocalContainerEntityManagerFactoryBean - Closing JPA EntityManagerFactory for persistence unit 'default'
2026-02-13 18:15:44.392 [SpringApplicationShutdownHook] INFO  com.zaxxer.hikari.HikariDataSource - HikariPool-2 - Shutdown initiated...
2026-02-13 18:15:44.402 [SpringApplicationShutdownHook] INFO  com.zaxxer.hikari.HikariDataSource - HikariPool-2 - Shutdown completed.
2026-02-13 18:15:44.404 [SpringApplicationShutdownHook] INFO  o.s.o.j.LocalContainerEntityManagerFactoryBean - Closing JPA EntityManagerFactory for persistence unit 'default'
2026-02-13 18:15:44.405 [SpringApplicationShutdownHook] INFO  com.zaxxer.hikari.HikariDataSource - HikariPool-3 - Shutdown initiated...
2026-02-13 18:15:44.415 [SpringApplicationShutdownHook] INFO  com.zaxxer.hikari.HikariDataSource - HikariPool-3 - Shutdown completed.
2026-02-13 18:16:30.352 [background-preinit] INFO  o.h.validator.internal.util.Version - HV000001: Hibernate Validator 8.0.1.Final
2026-02-13 18:16:30.400 [main] INFO  c.e.m.i.UserControllerIntegrationTest - Starting UserControllerIntegrationTest using Java 21.0.6 with PID 27924 (started by ift.praveen in D:\SPRING BOOT\modern-rest-service)
2026-02-13 18:16:30.401 [main] DEBUG c.e.m.i.UserControllerIntegrationTest - Running with Spring Boot v3.3.1, Spring v6.1.10
2026-02-13 18:16:30.403 [main] INFO  c.e.m.i.UserControllerIntegrationTest - No active profile set, falling back to 1 default profile: "default"
2026-02-13 18:16:32.253 [main] INFO  o.s.d.r.c.RepositoryConfigurationDelegate - Bootstrapping Spring Data JPA repositories in DEFAULT mode.
2026-02-13 18:16:32.366 [main] INFO  o.s.d.r.c.RepositoryConfigurationDelegate - Finished Spring Data repository scanning in 100 ms. Found 1 JPA repository interface.
2026-02-13 18:16:34.020 [main] INFO  com.zaxxer.hikari.HikariDataSource - HikariPool-1 - Starting...
2026-02-13 18:16:34.433 [main] INFO  com.zaxxer.hikari.pool.HikariPool - HikariPool-1 - Added connection org.postgresql.jdbc.PgConnection@297454f7
2026-02-13 18:16:34.434 [main] INFO  com.zaxxer.hikari.HikariDataSource - HikariPool-1 - Start completed.
2026-02-13 18:16:34.711 [main] INFO  liquibase.database - Set default schema name to public
2026-02-13 18:16:35.571 [main] INFO  liquibase.changelog - Creating database history table with name: public.databasechangelog
2026-02-13 18:16:35.625 [main] INFO  liquibase.changelog - Reading from public.databasechangelog
2026-02-13 18:16:35.822 [main] INFO  liquibase.lockservice - Successfully acquired change log lock
2026-02-13 18:16:35.826 [main] INFO  liquibase.command - Using deploymentId: 0974195826
2026-02-13 18:16:35.831 [main] INFO  liquibase.changelog - Reading from public.databasechangelog
2026-02-13 18:16:35.882 [main] INFO  liquibase.ui - Running Changeset: db/changelog/db.changelog-master.xml::001-create-users-table::developer
2026-02-13 18:16:35.899 [main] INFO  liquibase.changelog - Table users created
2026-02-13 18:16:35.902 [main] INFO  liquibase.changelog - ChangeSet db/changelog/db.changelog-master.xml::001-create-users-table::developer ran successfully in 16ms
2026-02-13 18:16:35.915 [main] INFO  liquibase.ui - Running Changeset: db/changelog/db.changelog-master.xml::002-create-orders-table::developer
2026-02-13 18:16:35.925 [main] INFO  liquibase.changelog - Table orders created
2026-02-13 18:16:35.931 [main] INFO  liquibase.changelog - Foreign key constraint added to orders (user_id)
2026-02-13 18:16:35.933 [main] INFO  liquibase.changelog - ChangeSet db/changelog/db.changelog-master.xml::002-create-orders-table::developer ran successfully in 16ms
2026-02-13 18:16:35.947 [main] INFO  liquibase.util - UPDATE SUMMARY
2026-02-13 18:16:35.947 [main] INFO  liquibase.util - Run:                          2
2026-02-13 18:16:35.948 [main] INFO  liquibase.util - Previously run:               0
2026-02-13 18:16:35.948 [main] INFO  liquibase.util - Filtered out:                 0
2026-02-13 18:16:35.948 [main] INFO  liquibase.util - -------------------------------
2026-02-13 18:16:35.948 [main] INFO  liquibase.util - Total change sets:            2
2026-02-13 18:16:35.949 [main] INFO  liquibase.util - Update summary generated
2026-02-13 18:16:35.952 [main] INFO  liquibase.command - Update command completed successfully.
2026-02-13 18:16:35.952 [main] INFO  liquibase.ui - Liquibase: Update has been successful. Rows affected: 2
2026-02-13 18:16:35.959 [main] INFO  liquibase.lockservice - Successfully released change log lock
2026-02-13 18:16:35.962 [main] INFO  liquibase.command - Command execution complete
2026-02-13 18:16:36.207 [main] INFO  o.h.jpa.internal.util.LogHelper - HHH000204: Processing PersistenceUnitInfo [name: default]
2026-02-13 18:16:36.357 [main] INFO  org.hibernate.Version - HHH000412: Hibernate ORM core version 6.5.2.Final
2026-02-13 18:16:36.425 [main] INFO  o.h.c.i.RegionFactoryInitiator - HHH000026: Second-level cache disabled
2026-02-13 18:16:37.056 [main] INFO  o.s.o.j.p.SpringPersistenceUnitInfo - No LoadTimeWeaver setup: ignoring JPA class transformer
2026-02-13 18:16:39.396 [main] INFO  o.h.e.t.j.p.i.JtaPlatformInitiator - HHH000489: No JTA platform available (set 'hibernate.transaction.jta.platform' to enable JTA platform integration)
2026-02-13 18:16:39.439 [main] INFO  o.s.o.j.LocalContainerEntityManagerFactoryBean - Initialized JPA EntityManagerFactory for persistence unit 'default'
2026-02-13 18:16:39.826 [main] INFO  o.s.s.c.a.a.c.InitializeAuthenticationProviderBeanManagerConfigurer$InitializeAuthenticationProviderManagerConfigurer - Global AuthenticationManager configured with AuthenticationProvider bean with name authenticationProvider
2026-02-13 18:16:39.828 [main] WARN  o.s.s.c.a.a.c.InitializeUserDetailsBeanManagerConfigurer$InitializeUserDetailsManagerConfigurer - Global AuthenticationManager configured with an AuthenticationProvider bean. UserDetailsService beans will not be used for username/password login. Consider removing the AuthenticationProvider bean. Alternatively, consider using the UserDetailsService in a manually instantiated DaoAuthenticationProvider.
2026-02-13 18:16:40.527 [main] INFO  o.s.d.j.r.query.QueryEnhancerFactory - Hibernate is in classpath; If applicable, HQL parser will be used.
2026-02-13 18:16:41.854 [main] WARN  o.s.b.a.o.j.JpaBaseConfiguration$JpaWebConfiguration - spring.jpa.open-in-view is enabled by default. Therefore, database queries may be performed during view rendering. Explicitly configure spring.jpa.open-in-view to disable this warning
2026-02-13 18:16:43.197 [main] INFO  o.s.b.a.e.web.EndpointLinksResolver - Exposing 3 endpoints beneath base path '/actuator'
2026-02-13 18:16:44.501 [main] DEBUG c.e.m.auth.JwtAuthenticationFilter - Filter 'jwtAuthenticationFilter' configured for use
2026-02-13 18:16:44.502 [main] INFO  o.s.b.t.m.w.SpringBootMockServletContext - Initializing Spring TestDispatcherServlet ''
2026-02-13 18:16:44.502 [main] INFO  o.s.t.w.s.TestDispatcherServlet - Initializing Servlet ''
2026-02-13 18:16:44.505 [main] INFO  o.s.t.w.s.TestDispatcherServlet - Completed initialization in 3 ms
2026-02-13 18:16:44.639 [main] INFO  c.e.m.i.UserControllerIntegrationTest - Started UserControllerIntegrationTest in 15.364 seconds (process running for 23.258)
2026-02-13 18:16:48.567 [main] INFO  o.s.t.c.s.AnnotationConfigContextLoaderUtils - Could not detect default configuration classes for test class [com.example.modernrest.integration.UserCrudSystemTest]: UserCrudSystemTest does not declare any static, non-private, non-final, nested classes annotated with @Configuration.
2026-02-13 18:16:48.575 [main] INFO  o.s.b.t.c.SpringBootTestContextBootstrapper - Found @SpringBootConfiguration com.example.modernrest.ModernRestServiceApplication for test class com.example.modernrest.integration.UserCrudSystemTest
2026-02-13 18:16:48.580 [main] INFO  tc.postgres:15 - Creating container for image: postgres:15
2026-02-13 18:16:48.723 [main] INFO  tc.postgres:15 - Container postgres:15 is starting: 4f9a93b91cd619e88e25d4be171b5dd2841f648ad1ca996d4b82043b49db0256
2026-02-13 18:16:50.841 [main] INFO  tc.postgres:15 - Container postgres:15 started in PT2.2615395S
2026-02-13 18:16:50.842 [main] INFO  tc.postgres:15 - Container is started (JDBC URL: jdbc:postgresql://localhost:32804/testdb?loggerLevel=OFF)
2026-02-13 18:16:50.851 [main] INFO  o.s.b.d.r.RestartApplicationListener - Restart disabled due to context in which it is running
2026-02-13 18:16:50.921 [main] INFO  c.e.m.integration.UserCrudSystemTest - Starting UserCrudSystemTest using Java 21.0.6 with PID 27924 (started by ift.praveen in D:\SPRING BOOT\modern-rest-service)
2026-02-13 18:16:50.921 [main] DEBUG c.e.m.integration.UserCrudSystemTest - Running with Spring Boot v3.3.1, Spring v6.1.10
2026-02-13 18:16:50.921 [main] INFO  c.e.m.integration.UserCrudSystemTest - No active profile set, falling back to 1 default profile: "default"
2026-02-13 18:16:51.685 [main] INFO  o.s.d.r.c.RepositoryConfigurationDelegate - Bootstrapping Spring Data JPA repositories in DEFAULT mode.
2026-02-13 18:16:51.699 [main] INFO  o.s.d.r.c.RepositoryConfigurationDelegate - Finished Spring Data repository scanning in 13 ms. Found 1 JPA repository interface.
2026-02-13 18:16:51.931 [main] INFO  com.zaxxer.hikari.HikariDataSource - HikariPool-2 - Starting...
2026-02-13 18:16:51.965 [main] INFO  com.zaxxer.hikari.pool.HikariPool - HikariPool-2 - Added connection org.postgresql.jdbc.PgConnection@22c45bde
2026-02-13 18:16:51.965 [main] INFO  com.zaxxer.hikari.HikariDataSource - HikariPool-2 - Start completed.
2026-02-13 18:16:51.978 [main] INFO  liquibase.database - Set default schema name to public
2026-02-13 18:16:52.033 [main] INFO  liquibase.changelog - Creating database history table with name: public.databasechangelog
2026-02-13 18:16:52.043 [main] INFO  liquibase.changelog - Reading from public.databasechangelog
2026-02-13 18:16:52.093 [main] INFO  liquibase.lockservice - Successfully acquired change log lock
2026-02-13 18:16:52.095 [main] INFO  liquibase.command - Using deploymentId: 0974212095
2026-02-13 18:16:52.097 [main] INFO  liquibase.changelog - Reading from public.databasechangelog
2026-02-13 18:16:52.106 [main] INFO  liquibase.ui - Running Changeset: db/changelog/db.changelog-master.xml::001-create-users-table::developer
2026-02-13 18:16:52.119 [main] INFO  liquibase.changelog - Table users created
2026-02-13 18:16:52.122 [main] INFO  liquibase.changelog - ChangeSet db/changelog/db.changelog-master.xml::001-create-users-table::developer ran successfully in 15ms
2026-02-13 18:16:52.136 [main] INFO  liquibase.ui - Running Changeset: db/changelog/db.changelog-master.xml::002-create-orders-table::developer
2026-02-13 18:16:52.145 [main] INFO  liquibase.changelog - Table orders created
2026-02-13 18:16:52.151 [main] INFO  liquibase.changelog - Foreign key constraint added to orders (user_id)
2026-02-13 18:16:52.153 [main] INFO  liquibase.changelog - ChangeSet db/changelog/db.changelog-master.xml::002-create-orders-table::developer ran successfully in 17ms
2026-02-13 18:16:52.159 [main] INFO  liquibase.util - UPDATE SUMMARY
2026-02-13 18:16:52.159 [main] INFO  liquibase.util - Run:                          2
2026-02-13 18:16:52.160 [main] INFO  liquibase.util - Previously run:               0
2026-02-13 18:16:52.160 [main] INFO  liquibase.util - Filtered out:                 0
2026-02-13 18:16:52.161 [main] INFO  liquibase.util - -------------------------------
2026-02-13 18:16:52.161 [main] INFO  liquibase.util - Total change sets:            2
2026-02-13 18:16:52.161 [main] INFO  liquibase.util - Update summary generated
2026-02-13 18:16:52.161 [main] INFO  liquibase.command - Update command completed successfully.
2026-02-13 18:16:52.161 [main] INFO  liquibase.ui - Liquibase: Update has been successful. Rows affected: 2
2026-02-13 18:16:52.169 [main] INFO  liquibase.lockservice - Successfully released change log lock
2026-02-13 18:16:52.171 [main] INFO  liquibase.command - Command execution complete
2026-02-13 18:16:52.231 [main] INFO  o.h.jpa.internal.util.LogHelper - HHH000204: Processing PersistenceUnitInfo [name: default]
2026-02-13 18:16:52.234 [main] INFO  o.h.c.i.RegionFactoryInitiator - HHH000026: Second-level cache disabled
2026-02-13 18:16:52.256 [main] INFO  o.s.o.j.p.SpringPersistenceUnitInfo - No LoadTimeWeaver setup: ignoring JPA class transformer
2026-02-13 18:16:52.410 [main] INFO  o.h.e.t.j.p.i.JtaPlatformInitiator - HHH000489: No JTA platform available (set 'hibernate.transaction.jta.platform' to enable JTA platform integration)
2026-02-13 18:16:52.425 [main] INFO  o.s.o.j.LocalContainerEntityManagerFactoryBean - Initialized JPA EntityManagerFactory for persistence unit 'default'
2026-02-13 18:16:52.638 [main] INFO  o.s.s.c.a.a.c.InitializeAuthenticationProviderBeanManagerConfigurer$InitializeAuthenticationProviderManagerConfigurer - Global AuthenticationManager configured with AuthenticationProvider bean with name authenticationProvider
2026-02-13 18:16:52.639 [main] WARN  o.s.s.c.a.a.c.InitializeUserDetailsBeanManagerConfigurer$InitializeUserDetailsManagerConfigurer - Global AuthenticationManager configured with an AuthenticationProvider bean. UserDetailsService beans will not be used for username/password login. Consider removing the AuthenticationProvider bean. Alternatively, consider using the UserDetailsService in a manually instantiated DaoAuthenticationProvider.
2026-02-13 18:16:52.887 [main] WARN  o.s.b.a.o.j.JpaBaseConfiguration$JpaWebConfiguration - spring.jpa.open-in-view is enabled by default. Therefore, database queries may be performed during view rendering. Explicitly configure spring.jpa.open-in-view to disable this warning
2026-02-13 18:16:53.242 [main] INFO  o.s.b.a.e.web.EndpointLinksResolver - Exposing 3 endpoints beneath base path '/actuator'
2026-02-13 18:16:53.865 [main] DEBUG c.e.m.auth.JwtAuthenticationFilter - Filter 'jwtAuthenticationFilter' configured for use
2026-02-13 18:16:53.865 [main] INFO  o.s.b.t.m.w.SpringBootMockServletContext - Initializing Spring TestDispatcherServlet ''
2026-02-13 18:16:53.865 [main] INFO  o.s.t.w.s.TestDispatcherServlet - Initializing Servlet ''
2026-02-13 18:16:53.867 [main] INFO  o.s.t.w.s.TestDispatcherServlet - Completed initialization in 1 ms
2026-02-13 18:16:53.905 [main] INFO  c.e.m.integration.UserCrudSystemTest - Started UserCrudSystemTest in 3.053 seconds (process running for 32.524)
2026-02-13 18:16:55.166 [main] INFO  o.s.t.c.s.AnnotationConfigContextLoaderUtils - Could not detect default configuration classes for test class [com.example.modernrest.repository.UserRepositoryDataJpaTest]: UserRepositoryDataJpaTest does not declare any static, non-private, non-final, nested classes annotated with @Configuration.
2026-02-13 18:16:55.230 [main] INFO  o.s.b.t.c.SpringBootTestContextBootstrapper - Found @SpringBootConfiguration com.example.modernrest.ModernRestServiceApplication for test class com.example.modernrest.repository.UserRepositoryDataJpaTest
2026-02-13 18:16:55.236 [main] INFO  tc.postgres:15 - Creating container for image: postgres:15
2026-02-13 18:16:55.288 [main] INFO  tc.postgres:15 - Container postgres:15 is starting: 4edcada25496544184b0911af5b8c25507153bbf3278b6ded7ace8d945a41c75
2026-02-13 18:16:57.452 [main] INFO  tc.postgres:15 - Container postgres:15 started in PT2.2163756S
2026-02-13 18:16:57.453 [main] INFO  tc.postgres:15 - Container is started (JDBC URL: jdbc:postgresql://localhost:32805/testdb?loggerLevel=OFF)
2026-02-13 18:16:57.457 [main] INFO  o.s.b.d.r.RestartApplicationListener - Restart disabled due to context in which it is running
2026-02-13 18:16:57.493 [main] INFO  c.e.m.r.UserRepositoryDataJpaTest - Starting UserRepositoryDataJpaTest using Java 21.0.6 with PID 27924 (started by ift.praveen in D:\SPRING BOOT\modern-rest-service)
2026-02-13 18:16:57.493 [main] DEBUG c.e.m.r.UserRepositoryDataJpaTest - Running with Spring Boot v3.3.1, Spring v6.1.10
2026-02-13 18:16:57.494 [main] INFO  c.e.m.r.UserRepositoryDataJpaTest - No active profile set, falling back to 1 default profile: "default"
2026-02-13 18:16:57.642 [main] INFO  o.s.d.r.c.RepositoryConfigurationDelegate - Bootstrapping Spring Data JPA repositories in DEFAULT mode.
2026-02-13 18:16:57.657 [main] INFO  o.s.d.r.c.RepositoryConfigurationDelegate - Finished Spring Data repository scanning in 15 ms. Found 1 JPA repository interface.
2026-02-13 18:16:57.724 [main] INFO  com.zaxxer.hikari.HikariDataSource - HikariPool-3 - Starting...
2026-02-13 18:16:57.752 [main] INFO  com.zaxxer.hikari.pool.HikariPool - HikariPool-3 - Added connection org.postgresql.jdbc.PgConnection@21891f24
2026-02-13 18:16:57.753 [main] INFO  com.zaxxer.hikari.HikariDataSource - HikariPool-3 - Start completed.
2026-02-13 18:16:57.765 [main] INFO  liquibase.database - Set default schema name to public
2026-02-13 18:16:57.816 [main] INFO  liquibase.changelog - Creating database history table with name: public.databasechangelog
2026-02-13 18:16:57.827 [main] INFO  liquibase.changelog - Reading from public.databasechangelog
2026-02-13 18:16:57.885 [main] INFO  liquibase.lockservice - Successfully acquired change log lock
2026-02-13 18:16:57.887 [main] INFO  liquibase.command - Using deploymentId: 0974217887
2026-02-13 18:16:57.890 [main] INFO  liquibase.changelog - Reading from public.databasechangelog
2026-02-13 18:16:57.906 [main] INFO  liquibase.ui - Running Changeset: db/changelog/db.changelog-master.xml::001-create-users-table::developer
2026-02-13 18:16:57.924 [main] INFO  liquibase.changelog - Table users created
2026-02-13 18:16:57.926 [main] INFO  liquibase.changelog - ChangeSet db/changelog/db.changelog-master.xml::001-create-users-table::developer ran successfully in 19ms
2026-02-13 18:16:57.937 [main] INFO  liquibase.ui - Running Changeset: db/changelog/db.changelog-master.xml::002-create-orders-table::developer
2026-02-13 18:16:57.946 [main] INFO  liquibase.changelog - Table orders created
2026-02-13 18:16:57.952 [main] INFO  liquibase.changelog - Foreign key constraint added to orders (user_id)
2026-02-13 18:16:57.954 [main] INFO  liquibase.changelog - ChangeSet db/changelog/db.changelog-master.xml::002-create-orders-table::developer ran successfully in 16ms
2026-02-13 18:16:57.962 [main] INFO  liquibase.util - UPDATE SUMMARY
2026-02-13 18:16:57.962 [main] INFO  liquibase.util - Run:                          2
2026-02-13 18:16:57.962 [main] INFO  liquibase.util - Previously run:               0
2026-02-13 18:16:57.962 [main] INFO  liquibase.util - Filtered out:                 0
2026-02-13 18:16:57.962 [main] INFO  liquibase.util - -------------------------------
2026-02-13 18:16:57.962 [main] INFO  liquibase.util - Total change sets:            2
2026-02-13 18:16:57.962 [main] INFO  liquibase.util - Update summary generated
2026-02-13 18:16:57.963 [main] INFO  liquibase.command - Update command completed successfully.
2026-02-13 18:16:57.964 [main] INFO  liquibase.ui - Liquibase: Update has been successful. Rows affected: 2
2026-02-13 18:16:57.972 [main] INFO  liquibase.lockservice - Successfully released change log lock
2026-02-13 18:16:57.975 [main] INFO  liquibase.command - Command execution complete
2026-02-13 18:16:58.012 [main] INFO  o.h.jpa.internal.util.LogHelper - HHH000204: Processing PersistenceUnitInfo [name: default]
2026-02-13 18:16:58.015 [main] INFO  o.h.c.i.RegionFactoryInitiator - HHH000026: Second-level cache disabled
2026-02-13 18:16:58.061 [main] INFO  o.s.o.j.p.SpringPersistenceUnitInfo - No LoadTimeWeaver setup: ignoring JPA class transformer
2026-02-13 18:16:58.196 [main] INFO  o.h.e.t.j.p.i.JtaPlatformInitiator - HHH000489: No JTA platform available (set 'hibernate.transaction.jta.platform' to enable JTA platform integration)
2026-02-13 18:16:58.212 [main] INFO  o.s.o.j.LocalContainerEntityManagerFactoryBean - Initialized JPA EntityManagerFactory for persistence unit 'default'
2026-02-13 18:16:58.304 [main] INFO  c.e.m.r.UserRepositoryDataJpaTest - Started UserRepositoryDataJpaTest in 0.848 seconds (process running for 36.923)
2026-02-13 18:17:00.047 [main] INFO  o.s.t.c.s.AnnotationConfigContextLoaderUtils - Could not detect default configuration classes for test class [com.example.modernrest.web.UserControllerWebMvcTest]: UserControllerWebMvcTest does not declare any static, non-private, non-final, nested classes annotated with @Configuration.
2026-02-13 18:17:00.077 [main] INFO  o.s.b.t.c.SpringBootTestContextBootstrapper - Found @SpringBootConfiguration com.example.modernrest.ModernRestServiceApplication for test class com.example.modernrest.web.UserControllerWebMvcTest
2026-02-13 18:17:00.086 [main] INFO  o.s.b.d.r.RestartApplicationListener - Restart disabled due to context in which it is running
2026-02-13 18:17:00.121 [main] INFO  c.e.m.web.UserControllerWebMvcTest - Starting UserControllerWebMvcTest using Java 21.0.6 with PID 27924 (started by ift.praveen in D:\SPRING BOOT\modern-rest-service)
2026-02-13 18:17:00.121 [main] DEBUG c.e.m.web.UserControllerWebMvcTest - Running with Spring Boot v3.3.1, Spring v6.1.10
2026-02-13 18:17:00.122 [main] INFO  c.e.m.web.UserControllerWebMvcTest - No active profile set, falling back to 1 default profile: "default"
2026-02-13 18:17:01.618 [main] WARN  o.s.b.a.s.s.UserDetailsServiceAutoConfiguration - 

Using generated security password: cc29921d-b6e2-47a3-b93b-7fb884065c52

This generated password is for development use only. Your security configuration must be updated before running your application in production.

2026-02-13 18:17:01.622 [main] INFO  o.s.s.c.a.a.c.InitializeUserDetailsBeanManagerConfigurer$InitializeUserDetailsManagerConfigurer - Global AuthenticationManager configured with UserDetailsService bean with name inMemoryUserDetailsManager
2026-02-13 18:17:01.885 [main] INFO  o.s.b.t.m.w.SpringBootMockServletContext - Initializing Spring TestDispatcherServlet ''
2026-02-13 18:17:01.885 [main] INFO  o.s.t.w.s.TestDispatcherServlet - Initializing Servlet ''
2026-02-13 18:17:01.887 [main] INFO  o.s.t.w.s.TestDispatcherServlet - Completed initialization in 1 ms
2026-02-13 18:17:01.910 [main] INFO  c.e.m.web.UserControllerWebMvcTest - Started UserControllerWebMvcTest in 1.825 seconds (process running for 40.53)
2026-02-13 18:17:02.044 [SpringApplicationShutdownHook] INFO  o.s.o.j.LocalContainerEntityManagerFactoryBean - Closing JPA EntityManagerFactory for persistence unit 'default'
2026-02-13 18:17:02.050 [SpringApplicationShutdownHook] INFO  com.zaxxer.hikari.HikariDataSource - HikariPool-1 - Shutdown initiated...
2026-02-13 18:17:02.065 [SpringApplicationShutdownHook] INFO  com.zaxxer.hikari.HikariDataSource - HikariPool-1 - Shutdown completed.
2026-02-13 18:17:02.080 [SpringApplicationShutdownHook] INFO  o.s.o.j.LocalContainerEntityManagerFactoryBean - Closing JPA EntityManagerFactory for persistence unit 'default'
2026-02-13 18:17:02.083 [SpringApplicationShutdownHook] INFO  com.zaxxer.hikari.HikariDataSource - HikariPool-2 - Shutdown initiated...
2026-02-13 18:17:02.089 [SpringApplicationShutdownHook] INFO  com.zaxxer.hikari.HikariDataSource - HikariPool-2 - Shutdown completed.
2026-02-13 18:17:02.092 [SpringApplicationShutdownHook] INFO  o.s.o.j.LocalContainerEntityManagerFactoryBean - Closing JPA EntityManagerFactory for persistence unit 'default'
2026-02-13 18:17:02.093 [SpringApplicationShutdownHook] INFO  com.zaxxer.hikari.HikariDataSource - HikariPool-3 - Shutdown initiated...
2026-02-13 18:17:02.100 [SpringApplicationShutdownHook] INFO  com.zaxxer.hikari.HikariDataSource - HikariPool-3 - Shutdown completed.
2026-02-13 18:28:00.546 [background-preinit] INFO  o.h.validator.internal.util.Version - HV000001: Hibernate Validator 8.0.1.Final
2026-02-13 18:28:00.603 [main] INFO  c.e.m.i.UserControllerIntegrationTest - Starting UserControllerIntegrationTest using Java 21.0.6 with PID 39728 (started by ift.praveen in D:\SPRING BOOT\modern-rest-service)
2026-02-13 18:28:00.604 [main] DEBUG c.e.m.i.UserControllerIntegrationTest - Running with Spring Boot v3.3.1, Spring v6.1.10
2026-02-13 18:28:00.605 [main] INFO  c.e.m.i.UserControllerIntegrationTest - No active profile set, falling back to 1 default profile: "default"
2026-02-13 18:28:02.685 [main] INFO  o.s.d.r.c.RepositoryConfigurationDelegate - Bootstrapping Spring Data JPA repositories in DEFAULT mode.
2026-02-13 18:28:02.751 [main] INFO  o.s.d.r.c.RepositoryConfigurationDelegate - Finished Spring Data repository scanning in 58 ms. Found 1 JPA repository interface.
2026-02-13 18:28:04.821 [main] INFO  com.zaxxer.hikari.HikariDataSource - HikariPool-1 - Starting...
2026-02-13 18:28:05.148 [main] INFO  com.zaxxer.hikari.pool.HikariPool - HikariPool-1 - Added connection org.postgresql.jdbc.PgConnection@78324e97
2026-02-13 18:28:05.152 [main] INFO  com.zaxxer.hikari.HikariDataSource - HikariPool-1 - Start completed.
2026-02-13 18:28:05.512 [main] INFO  liquibase.database - Set default schema name to public
2026-02-13 18:28:06.305 [main] INFO  liquibase.changelog - Creating database history table with name: public.databasechangelog
2026-02-13 18:28:06.343 [main] INFO  liquibase.changelog - Reading from public.databasechangelog
2026-02-13 18:28:06.498 [main] INFO  liquibase.lockservice - Successfully acquired change log lock
2026-02-13 18:28:06.501 [main] INFO  liquibase.command - Using deploymentId: 0974886500
2026-02-13 18:28:06.504 [main] INFO  liquibase.changelog - Reading from public.databasechangelog
2026-02-13 18:28:06.540 [main] INFO  liquibase.ui - Running Changeset: db/changelog/db.changelog-master.xml::001-create-users-table::developer
2026-02-13 18:28:06.565 [main] INFO  liquibase.changelog - Table users created
2026-02-13 18:28:06.571 [main] INFO  liquibase.changelog - ChangeSet db/changelog/db.changelog-master.xml::001-create-users-table::developer ran successfully in 28ms
2026-02-13 18:28:06.595 [main] INFO  liquibase.ui - Running Changeset: db/changelog/db.changelog-master.xml::002-create-orders-table::developer
2026-02-13 18:28:06.607 [main] INFO  liquibase.changelog - Table orders created
2026-02-13 18:28:06.612 [main] INFO  liquibase.changelog - Foreign key constraint added to orders (user_id)
2026-02-13 18:28:06.614 [main] INFO  liquibase.changelog - ChangeSet db/changelog/db.changelog-master.xml::002-create-orders-table::developer ran successfully in 17ms
2026-02-13 18:28:06.628 [main] INFO  liquibase.util - UPDATE SUMMARY
2026-02-13 18:28:06.629 [main] INFO  liquibase.util - Run:                          2
2026-02-13 18:28:06.629 [main] INFO  liquibase.util - Previously run:               0
2026-02-13 18:28:06.629 [main] INFO  liquibase.util - Filtered out:                 0
2026-02-13 18:28:06.629 [main] INFO  liquibase.util - -------------------------------
2026-02-13 18:28:06.629 [main] INFO  liquibase.util - Total change sets:            2
2026-02-13 18:28:06.631 [main] INFO  liquibase.util - Update summary generated
2026-02-13 18:28:06.636 [main] INFO  liquibase.command - Update command completed successfully.
2026-02-13 18:28:06.637 [main] INFO  liquibase.ui - Liquibase: Update has been successful. Rows affected: 2
2026-02-13 18:28:06.644 [main] INFO  liquibase.lockservice - Successfully released change log lock
2026-02-13 18:28:06.646 [main] INFO  liquibase.command - Command execution complete
2026-02-13 18:28:06.873 [main] INFO  o.h.jpa.internal.util.LogHelper - HHH000204: Processing PersistenceUnitInfo [name: default]
2026-02-13 18:28:06.996 [main] INFO  org.hibernate.Version - HHH000412: Hibernate ORM core version 6.5.2.Final
2026-02-13 18:28:07.056 [main] INFO  o.h.c.i.RegionFactoryInitiator - HHH000026: Second-level cache disabled
2026-02-13 18:28:07.556 [main] INFO  o.s.o.j.p.SpringPersistenceUnitInfo - No LoadTimeWeaver setup: ignoring JPA class transformer
2026-02-13 18:28:09.172 [main] INFO  o.h.e.t.j.p.i.JtaPlatformInitiator - HHH000489: No JTA platform available (set 'hibernate.transaction.jta.platform' to enable JTA platform integration)
2026-02-13 18:28:09.214 [main] INFO  o.s.o.j.LocalContainerEntityManagerFactoryBean - Initialized JPA EntityManagerFactory for persistence unit 'default'
2026-02-13 18:28:09.552 [main] INFO  o.s.s.c.a.a.c.InitializeAuthenticationProviderBeanManagerConfigurer$InitializeAuthenticationProviderManagerConfigurer - Global AuthenticationManager configured with AuthenticationProvider bean with name authenticationProvider
2026-02-13 18:28:09.554 [main] WARN  o.s.s.c.a.a.c.InitializeUserDetailsBeanManagerConfigurer$InitializeUserDetailsManagerConfigurer - Global AuthenticationManager configured with an AuthenticationProvider bean. UserDetailsService beans will not be used for username/password login. Consider removing the AuthenticationProvider bean. Alternatively, consider using the UserDetailsService in a manually instantiated DaoAuthenticationProvider.
2026-02-13 18:28:10.956 [main] INFO  o.s.d.j.r.query.QueryEnhancerFactory - Hibernate is in classpath; If applicable, HQL parser will be used.
2026-02-13 18:28:12.338 [main] WARN  o.s.b.a.o.j.JpaBaseConfiguration$JpaWebConfiguration - spring.jpa.open-in-view is enabled by default. Therefore, database queries may be performed during view rendering. Explicitly configure spring.jpa.open-in-view to disable this warning
2026-02-13 18:28:12.706 [main] INFO  o.s.b.a.w.s.WelcomePageHandlerMapping - Adding welcome page template: index
2026-02-13 18:28:13.338 [main] INFO  o.s.b.a.e.web.EndpointLinksResolver - Exposing 3 endpoints beneath base path '/actuator'
2026-02-13 18:28:15.001 [main] DEBUG c.e.m.auth.JwtAuthenticationFilter - Filter 'jwtAuthenticationFilter' configured for use
2026-02-13 18:28:15.003 [main] INFO  o.s.b.t.m.w.SpringBootMockServletContext - Initializing Spring TestDispatcherServlet ''
2026-02-13 18:28:15.004 [main] INFO  o.s.t.w.s.TestDispatcherServlet - Initializing Servlet ''
2026-02-13 18:28:15.007 [main] INFO  o.s.t.w.s.TestDispatcherServlet - Completed initialization in 3 ms
2026-02-13 18:28:15.168 [main] INFO  c.e.m.i.UserControllerIntegrationTest - Started UserControllerIntegrationTest in 15.381 seconds (process running for 21.731)
2026-02-13 18:28:15.177 [scheduling-1] DEBUG c.e.m.config.MaintenanceScheduler - Scheduled cleanup tick at 2026-02-13T09:28:15.177876500Z
2026-02-13 18:28:18.854 [main] INFO  o.s.t.c.s.AnnotationConfigContextLoaderUtils - Could not detect default configuration classes for test class [com.example.modernrest.integration.UserCrudSystemTest]: UserCrudSystemTest does not declare any static, non-private, non-final, nested classes annotated with @Configuration.
2026-02-13 18:28:18.859 [main] INFO  o.s.b.t.c.SpringBootTestContextBootstrapper - Found @SpringBootConfiguration com.example.modernrest.ModernRestServiceApplication for test class com.example.modernrest.integration.UserCrudSystemTest
2026-02-13 18:28:18.862 [main] INFO  tc.postgres:15 - Creating container for image: postgres:15
2026-02-13 18:28:18.922 [main] INFO  tc.postgres:15 - Container postgres:15 is starting: b67910143a82eef998b32475729d14886c7ec7644c016fea8bf854d22e6485b8
2026-02-13 18:28:21.074 [main] INFO  tc.postgres:15 - Container postgres:15 started in PT2.2122355S
2026-02-13 18:28:21.074 [main] INFO  tc.postgres:15 - Container is started (JDBC URL: jdbc:postgresql://localhost:32808/testdb?loggerLevel=OFF)
2026-02-13 18:28:21.081 [main] INFO  o.s.b.d.r.RestartApplicationListener - Restart disabled due to context in which it is running
2026-02-13 18:28:21.147 [main] INFO  c.e.m.integration.UserCrudSystemTest - Starting UserCrudSystemTest using Java 21.0.6 with PID 39728 (started by ift.praveen in D:\SPRING BOOT\modern-rest-service)
2026-02-13 18:28:21.147 [main] DEBUG c.e.m.integration.UserCrudSystemTest - Running with Spring Boot v3.3.1, Spring v6.1.10
2026-02-13 18:28:21.147 [main] INFO  c.e.m.integration.UserCrudSystemTest - No active profile set, falling back to 1 default profile: "default"
2026-02-13 18:28:21.810 [main] INFO  o.s.d.r.c.RepositoryConfigurationDelegate - Bootstrapping Spring Data JPA repositories in DEFAULT mode.
2026-02-13 18:28:21.829 [main] INFO  o.s.d.r.c.RepositoryConfigurationDelegate - Finished Spring Data repository scanning in 18 ms. Found 1 JPA repository interface.
2026-02-13 18:28:22.062 [main] INFO  com.zaxxer.hikari.HikariDataSource - HikariPool-2 - Starting...
2026-02-13 18:28:22.107 [main] INFO  com.zaxxer.hikari.pool.HikariPool - HikariPool-2 - Added connection org.postgresql.jdbc.PgConnection@49eaabdb
2026-02-13 18:28:22.108 [main] INFO  com.zaxxer.hikari.HikariDataSource - HikariPool-2 - Start completed.
2026-02-13 18:28:22.123 [main] INFO  liquibase.database - Set default schema name to public
2026-02-13 18:28:22.184 [main] INFO  liquibase.changelog - Creating database history table with name: public.databasechangelog
2026-02-13 18:28:22.197 [main] INFO  liquibase.changelog - Reading from public.databasechangelog
2026-02-13 18:28:22.246 [main] INFO  liquibase.lockservice - Successfully acquired change log lock
2026-02-13 18:28:22.248 [main] INFO  liquibase.command - Using deploymentId: 0974902248
2026-02-13 18:28:22.251 [main] INFO  liquibase.changelog - Reading from public.databasechangelog
2026-02-13 18:28:22.266 [main] INFO  liquibase.ui - Running Changeset: db/changelog/db.changelog-master.xml::001-create-users-table::developer
2026-02-13 18:28:22.278 [main] INFO  liquibase.changelog - Table users created
2026-02-13 18:28:22.280 [main] INFO  liquibase.changelog - ChangeSet db/changelog/db.changelog-master.xml::001-create-users-table::developer ran successfully in 13ms
2026-02-13 18:28:22.293 [main] INFO  liquibase.ui - Running Changeset: db/changelog/db.changelog-master.xml::002-create-orders-table::developer
2026-02-13 18:28:22.302 [main] INFO  liquibase.changelog - Table orders created
2026-02-13 18:28:22.306 [main] INFO  liquibase.changelog - Foreign key constraint added to orders (user_id)
2026-02-13 18:28:22.308 [main] INFO  liquibase.changelog - ChangeSet db/changelog/db.changelog-master.xml::002-create-orders-table::developer ran successfully in 14ms
2026-02-13 18:28:22.314 [main] INFO  liquibase.util - UPDATE SUMMARY
2026-02-13 18:28:22.314 [main] INFO  liquibase.util - Run:                          2
2026-02-13 18:28:22.314 [main] INFO  liquibase.util - Previously run:               0
2026-02-13 18:28:22.314 [main] INFO  liquibase.util - Filtered out:                 0
2026-02-13 18:28:22.314 [main] INFO  liquibase.util - -------------------------------
2026-02-13 18:28:22.314 [main] INFO  liquibase.util - Total change sets:            2
2026-02-13 18:28:22.314 [main] INFO  liquibase.util - Update summary generated
2026-02-13 18:28:22.315 [main] INFO  liquibase.command - Update command completed successfully.
2026-02-13 18:28:22.316 [main] INFO  liquibase.ui - Liquibase: Update has been successful. Rows affected: 2
2026-02-13 18:28:22.320 [main] INFO  liquibase.lockservice - Successfully released change log lock
2026-02-13 18:28:22.322 [main] INFO  liquibase.command - Command execution complete
2026-02-13 18:28:22.372 [main] INFO  o.h.jpa.internal.util.LogHelper - HHH000204: Processing PersistenceUnitInfo [name: default]
2026-02-13 18:28:22.375 [main] INFO  o.h.c.i.RegionFactoryInitiator - HHH000026: Second-level cache disabled
2026-02-13 18:28:22.391 [main] INFO  o.s.o.j.p.SpringPersistenceUnitInfo - No LoadTimeWeaver setup: ignoring JPA class transformer
2026-02-13 18:28:22.518 [main] INFO  o.h.e.t.j.p.i.JtaPlatformInitiator - HHH000489: No JTA platform available (set 'hibernate.transaction.jta.platform' to enable JTA platform integration)
2026-02-13 18:28:22.536 [main] INFO  o.s.o.j.LocalContainerEntityManagerFactoryBean - Initialized JPA EntityManagerFactory for persistence unit 'default'
2026-02-13 18:28:22.901 [main] INFO  o.s.s.c.a.a.c.InitializeAuthenticationProviderBeanManagerConfigurer$InitializeAuthenticationProviderManagerConfigurer - Global AuthenticationManager configured with AuthenticationProvider bean with name authenticationProvider
2026-02-13 18:28:22.902 [main] WARN  o.s.s.c.a.a.c.InitializeUserDetailsBeanManagerConfigurer$InitializeUserDetailsManagerConfigurer - Global AuthenticationManager configured with an AuthenticationProvider bean. UserDetailsService beans will not be used for username/password login. Consider removing the AuthenticationProvider bean. Alternatively, consider using the UserDetailsService in a manually instantiated DaoAuthenticationProvider.
2026-02-13 18:28:23.341 [main] WARN  o.s.b.a.o.j.JpaBaseConfiguration$JpaWebConfiguration - spring.jpa.open-in-view is enabled by default. Therefore, database queries may be performed during view rendering. Explicitly configure spring.jpa.open-in-view to disable this warning
2026-02-13 18:28:23.542 [main] INFO  o.s.b.a.w.s.WelcomePageHandlerMapping - Adding welcome page template: index
2026-02-13 18:28:23.945 [main] INFO  o.s.b.a.e.web.EndpointLinksResolver - Exposing 3 endpoints beneath base path '/actuator'
2026-02-13 18:28:24.897 [main] DEBUG c.e.m.auth.JwtAuthenticationFilter - Filter 'jwtAuthenticationFilter' configured for use
2026-02-13 18:28:24.898 [main] INFO  o.s.b.t.m.w.SpringBootMockServletContext - Initializing Spring TestDispatcherServlet ''
2026-02-13 18:28:24.898 [main] INFO  o.s.t.w.s.TestDispatcherServlet - Initializing Servlet ''
2026-02-13 18:28:24.900 [main] INFO  o.s.t.w.s.TestDispatcherServlet - Completed initialization in 2 ms
2026-02-13 18:28:24.936 [scheduling-1] DEBUG c.e.m.config.MaintenanceScheduler - Scheduled cleanup tick at 2026-02-13T09:28:24.936473600Z
2026-02-13 18:28:24.937 [main] INFO  c.e.m.integration.UserCrudSystemTest - Started UserCrudSystemTest in 3.857 seconds (process running for 31.5)
2026-02-13 18:28:26.360 [main] INFO  o.s.t.c.s.AnnotationConfigContextLoaderUtils - Could not detect default configuration classes for test class [com.example.modernrest.repository.UserRepositoryDataJpaTest]: UserRepositoryDataJpaTest does not declare any static, non-private, non-final, nested classes annotated with @Configuration.
2026-02-13 18:28:26.423 [main] INFO  o.s.b.t.c.SpringBootTestContextBootstrapper - Found @SpringBootConfiguration com.example.modernrest.ModernRestServiceApplication for test class com.example.modernrest.repository.UserRepositoryDataJpaTest
2026-02-13 18:28:26.428 [main] INFO  tc.postgres:15 - Creating container for image: postgres:15
2026-02-13 18:28:26.515 [main] INFO  tc.postgres:15 - Container postgres:15 is starting: b5126a50c6f2d041b34ad7543144b08790d05b10287e7ea4850bd783b5b558b6
2026-02-13 18:28:28.607 [main] INFO  tc.postgres:15 - Container postgres:15 started in PT2.1790123S
2026-02-13 18:28:28.607 [main] INFO  tc.postgres:15 - Container is started (JDBC URL: jdbc:postgresql://localhost:32809/testdb?loggerLevel=OFF)
2026-02-13 18:28:28.610 [main] INFO  o.s.b.d.r.RestartApplicationListener - Restart disabled due to context in which it is running
2026-02-13 18:28:28.627 [main] INFO  c.e.m.r.UserRepositoryDataJpaTest - Starting UserRepositoryDataJpaTest using Java 21.0.6 with PID 39728 (started by ift.praveen in D:\SPRING BOOT\modern-rest-service)
2026-02-13 18:28:28.627 [main] DEBUG c.e.m.r.UserRepositoryDataJpaTest - Running with Spring Boot v3.3.1, Spring v6.1.10
2026-02-13 18:28:28.627 [main] INFO  c.e.m.r.UserRepositoryDataJpaTest - No active profile set, falling back to 1 default profile: "default"
2026-02-13 18:28:28.751 [main] INFO  o.s.d.r.c.RepositoryConfigurationDelegate - Bootstrapping Spring Data JPA repositories in DEFAULT mode.
2026-02-13 18:28:28.767 [main] INFO  o.s.d.r.c.RepositoryConfigurationDelegate - Finished Spring Data repository scanning in 15 ms. Found 1 JPA repository interface.
2026-02-13 18:28:28.837 [main] INFO  com.zaxxer.hikari.HikariDataSource - HikariPool-3 - Starting...
2026-02-13 18:28:28.863 [main] INFO  com.zaxxer.hikari.pool.HikariPool - HikariPool-3 - Added connection org.postgresql.jdbc.PgConnection@6f9be28e
2026-02-13 18:28:28.864 [main] INFO  com.zaxxer.hikari.HikariDataSource - HikariPool-3 - Start completed.
2026-02-13 18:28:28.879 [main] INFO  liquibase.database - Set default schema name to public
2026-02-13 18:28:28.932 [main] INFO  liquibase.changelog - Creating database history table with name: public.databasechangelog
2026-02-13 18:28:28.944 [main] INFO  liquibase.changelog - Reading from public.databasechangelog
2026-02-13 18:28:29.010 [main] INFO  liquibase.lockservice - Successfully acquired change log lock
2026-02-13 18:28:29.013 [main] INFO  liquibase.command - Using deploymentId: 0974909013
2026-02-13 18:28:29.016 [main] INFO  liquibase.changelog - Reading from public.databasechangelog
2026-02-13 18:28:29.025 [main] INFO  liquibase.ui - Running Changeset: db/changelog/db.changelog-master.xml::001-create-users-table::developer
2026-02-13 18:28:29.036 [main] INFO  liquibase.changelog - Table users created
2026-02-13 18:28:29.038 [main] INFO  liquibase.changelog - ChangeSet db/changelog/db.changelog-master.xml::001-create-users-table::developer ran successfully in 11ms
2026-02-13 18:28:29.057 [main] INFO  liquibase.ui - Running Changeset: db/changelog/db.changelog-master.xml::002-create-orders-table::developer
2026-02-13 18:28:29.068 [main] INFO  liquibase.changelog - Table orders created
2026-02-13 18:28:29.074 [main] INFO  liquibase.changelog - Foreign key constraint added to orders (user_id)
2026-02-13 18:28:29.076 [main] INFO  liquibase.changelog - ChangeSet db/changelog/db.changelog-master.xml::002-create-orders-table::developer ran successfully in 18ms
2026-02-13 18:28:29.082 [main] INFO  liquibase.util - UPDATE SUMMARY
2026-02-13 18:28:29.082 [main] INFO  liquibase.util - Run:                          2
2026-02-13 18:28:29.083 [main] INFO  liquibase.util - Previously run:               0
2026-02-13 18:28:29.083 [main] INFO  liquibase.util - Filtered out:                 0
2026-02-13 18:28:29.083 [main] INFO  liquibase.util - -------------------------------
2026-02-13 18:28:29.083 [main] INFO  liquibase.util - Total change sets:            2
2026-02-13 18:28:29.084 [main] INFO  liquibase.util - Update summary generated
2026-02-13 18:28:29.084 [main] INFO  liquibase.command - Update command completed successfully.
2026-02-13 18:28:29.084 [main] INFO  liquibase.ui - Liquibase: Update has been successful. Rows affected: 2
2026-02-13 18:28:29.090 [main] INFO  liquibase.lockservice - Successfully released change log lock
2026-02-13 18:28:29.093 [main] INFO  liquibase.command - Command execution complete
2026-02-13 18:28:29.139 [main] INFO  o.h.jpa.internal.util.LogHelper - HHH000204: Processing PersistenceUnitInfo [name: default]
2026-02-13 18:28:29.146 [main] INFO  o.h.c.i.RegionFactoryInitiator - HHH000026: Second-level cache disabled
2026-02-13 18:28:29.202 [main] INFO  o.s.o.j.p.SpringPersistenceUnitInfo - No LoadTimeWeaver setup: ignoring JPA class transformer
2026-02-13 18:28:29.353 [main] INFO  o.h.e.t.j.p.i.JtaPlatformInitiator - HHH000489: No JTA platform available (set 'hibernate.transaction.jta.platform' to enable JTA platform integration)
2026-02-13 18:28:29.371 [main] INFO  o.s.o.j.LocalContainerEntityManagerFactoryBean - Initialized JPA EntityManagerFactory for persistence unit 'default'
2026-02-13 18:28:29.479 [main] INFO  c.e.m.r.UserRepositoryDataJpaTest - Started UserRepositoryDataJpaTest in 0.869 seconds (process running for 36.042)
2026-02-13 18:28:30.843 [main] INFO  o.s.t.c.s.AnnotationConfigContextLoaderUtils - Could not detect default configuration classes for test class [com.example.modernrest.web.UserControllerWebMvcTest]: UserControllerWebMvcTest does not declare any static, non-private, non-final, nested classes annotated with @Configuration.
2026-02-13 18:28:30.875 [main] INFO  o.s.b.t.c.SpringBootTestContextBootstrapper - Found @SpringBootConfiguration com.example.modernrest.ModernRestServiceApplication for test class com.example.modernrest.web.UserControllerWebMvcTest
2026-02-13 18:28:30.881 [main] INFO  o.s.b.d.r.RestartApplicationListener - Restart disabled due to context in which it is running
2026-02-13 18:28:30.913 [main] INFO  c.e.m.web.UserControllerWebMvcTest - Starting UserControllerWebMvcTest using Java 21.0.6 with PID 39728 (started by ift.praveen in D:\SPRING BOOT\modern-rest-service)
2026-02-13 18:28:30.914 [main] DEBUG c.e.m.web.UserControllerWebMvcTest - Running with Spring Boot v3.3.1, Spring v6.1.10
2026-02-13 18:28:30.914 [main] INFO  c.e.m.web.UserControllerWebMvcTest - No active profile set, falling back to 1 default profile: "default"
2026-02-13 18:28:32.853 [main] INFO  o.s.b.a.w.s.WelcomePageHandlerMapping - Adding welcome page template: index
2026-02-13 18:28:33.215 [main] WARN  o.s.b.a.s.s.UserDetailsServiceAutoConfiguration - 

Using generated security password: e45763ee-2859-4c24-a753-7ea7b190d321

This generated password is for development use only. Your security configuration must be updated before running your application in production.

2026-02-13 18:28:33.220 [main] INFO  o.s.s.c.a.a.c.InitializeUserDetailsBeanManagerConfigurer$InitializeUserDetailsManagerConfigurer - Global AuthenticationManager configured with UserDetailsService bean with name inMemoryUserDetailsManager
2026-02-13 18:28:33.354 [main] INFO  o.s.b.t.m.w.SpringBootMockServletContext - Initializing Spring TestDispatcherServlet ''
2026-02-13 18:28:33.355 [main] INFO  o.s.t.w.s.TestDispatcherServlet - Initializing Servlet ''
2026-02-13 18:28:33.357 [main] INFO  o.s.t.w.s.TestDispatcherServlet - Completed initialization in 1 ms
2026-02-13 18:28:33.380 [main] INFO  c.e.m.web.UserControllerWebMvcTest - Started UserControllerWebMvcTest in 2.499 seconds (process running for 39.943)
2026-02-13 18:28:33.537 [SpringApplicationShutdownHook] INFO  o.s.o.j.LocalContainerEntityManagerFactoryBean - Closing JPA EntityManagerFactory for persistence unit 'default'
2026-02-13 18:28:33.550 [SpringApplicationShutdownHook] INFO  com.zaxxer.hikari.HikariDataSource - HikariPool-1 - Shutdown initiated...
2026-02-13 18:28:33.567 [SpringApplicationShutdownHook] INFO  com.zaxxer.hikari.HikariDataSource - HikariPool-1 - Shutdown completed.
2026-02-13 18:28:33.580 [SpringApplicationShutdownHook] INFO  o.s.o.j.LocalContainerEntityManagerFactoryBean - Closing JPA EntityManagerFactory for persistence unit 'default'
2026-02-13 18:28:33.587 [SpringApplicationShutdownHook] INFO  com.zaxxer.hikari.HikariDataSource - HikariPool-2 - Shutdown initiated...
2026-02-13 18:28:33.614 [SpringApplicationShutdownHook] INFO  com.zaxxer.hikari.HikariDataSource - HikariPool-2 - Shutdown completed.
2026-02-13 18:28:33.616 [SpringApplicationShutdownHook] INFO  o.s.o.j.LocalContainerEntityManagerFactoryBean - Closing JPA EntityManagerFactory for persistence unit 'default'
2026-02-13 18:28:33.617 [SpringApplicationShutdownHook] INFO  com.zaxxer.hikari.HikariDataSource - HikariPool-3 - Shutdown initiated...
2026-02-13 18:28:33.626 [SpringApplicationShutdownHook] INFO  com.zaxxer.hikari.HikariDataSource - HikariPool-3 - Shutdown completed.
2026-02-13 18:31:12.733 [background-preinit] INFO  o.h.validator.internal.util.Version - HV000001: Hibernate Validator 8.0.1.Final
2026-02-13 18:31:12.760 [restartedMain] INFO  c.e.m.ModernRestServiceApplication - Starting ModernRestServiceApplication using Java 21.0.6 with PID 34192 (D:\SPRING BOOT\modern-rest-service\target\classes started by ift.praveen in D:\SPRING BOOT\modern-rest-service)
2026-02-13 18:31:12.761 [restartedMain] DEBUG c.e.m.ModernRestServiceApplication - Running with Spring Boot v3.3.1, Spring v6.1.10
2026-02-13 18:31:12.763 [restartedMain] INFO  c.e.m.ModernRestServiceApplication - No active profile set, falling back to 1 default profile: "default"
2026-02-13 18:31:12.809 [restartedMain] INFO  o.s.b.d.e.DevToolsPropertyDefaultsPostProcessor - Devtools property defaults active! Set 'spring.devtools.add-properties' to 'false' to disable
2026-02-13 18:31:12.809 [restartedMain] INFO  o.s.b.d.e.DevToolsPropertyDefaultsPostProcessor - For additional web related logging consider setting the 'logging.level.web' property to 'DEBUG'
2026-02-13 18:31:13.825 [restartedMain] INFO  o.s.d.r.c.RepositoryConfigurationDelegate - Bootstrapping Spring Data JPA repositories in DEFAULT mode.
2026-02-13 18:31:13.864 [restartedMain] INFO  o.s.d.r.c.RepositoryConfigurationDelegate - Finished Spring Data repository scanning in 34 ms. Found 1 JPA repository interface.
2026-02-13 18:31:14.732 [restartedMain] INFO  o.s.b.w.e.tomcat.TomcatWebServer - Tomcat initialized with port 8080 (http)
2026-02-13 18:31:14.756 [restartedMain] INFO  o.a.coyote.http11.Http11NioProtocol - Initializing ProtocolHandler ["http-nio-8080"]
2026-02-13 18:31:14.760 [restartedMain] INFO  o.a.catalina.core.StandardService - Starting service [Tomcat]
2026-02-13 18:31:14.761 [restartedMain] INFO  o.a.catalina.core.StandardEngine - Starting Servlet engine: [Apache Tomcat/10.1.25]
2026-02-13 18:31:14.828 [restartedMain] INFO  o.a.c.c.C.[Tomcat].[localhost].[/] - Initializing Spring embedded WebApplicationContext
2026-02-13 18:31:14.829 [restartedMain] INFO  o.s.b.w.s.c.ServletWebServerApplicationContext - Root WebApplicationContext: initialization completed in 2019 ms
2026-02-13 18:31:15.193 [restartedMain] DEBUG c.e.m.auth.JwtAuthenticationFilter - Filter 'jwtAuthenticationFilter' configured for use
2026-02-13 18:31:15.298 [restartedMain] INFO  com.zaxxer.hikari.HikariDataSource - HikariPool-1 - Starting...
2026-02-13 18:31:15.427 [restartedMain] INFO  com.zaxxer.hikari.pool.HikariPool - HikariPool-1 - Added connection org.postgresql.jdbc.PgConnection@2c65ccfa
2026-02-13 18:31:15.428 [restartedMain] INFO  com.zaxxer.hikari.HikariDataSource - HikariPool-1 - Start completed.
2026-02-13 18:31:15.567 [restartedMain] INFO  liquibase.database - Set default schema name to public
2026-02-13 18:31:15.974 [restartedMain] INFO  liquibase.changelog - Reading from public.databasechangelog
2026-02-13 18:31:16.027 [restartedMain] INFO  liquibase.ui - Database is up to date, no changesets to execute
2026-02-13 18:31:16.030 [restartedMain] INFO  liquibase.changelog - Reading from public.databasechangelog
2026-02-13 18:31:16.039 [restartedMain] INFO  liquibase.util - UPDATE SUMMARY
2026-02-13 18:31:16.040 [restartedMain] INFO  liquibase.util - Run:                          0
2026-02-13 18:31:16.040 [restartedMain] INFO  liquibase.util - Previously run:               2
2026-02-13 18:31:16.040 [restartedMain] INFO  liquibase.util - Filtered out:                 0
2026-02-13 18:31:16.040 [restartedMain] INFO  liquibase.util - -------------------------------
2026-02-13 18:31:16.041 [restartedMain] INFO  liquibase.util - Total change sets:            2
2026-02-13 18:31:16.042 [restartedMain] INFO  liquibase.util - Update summary generated
2026-02-13 18:31:16.071 [restartedMain] INFO  liquibase.lockservice - Successfully released change log lock
2026-02-13 18:31:16.075 [restartedMain] INFO  liquibase.command - Command execution complete
2026-02-13 18:31:16.160 [restartedMain] INFO  o.h.jpa.internal.util.LogHelper - HHH000204: Processing PersistenceUnitInfo [name: default]
2026-02-13 18:31:16.216 [restartedMain] INFO  org.hibernate.Version - HHH000412: Hibernate ORM core version 6.5.2.Final
2026-02-13 18:31:16.246 [restartedMain] INFO  o.h.c.i.RegionFactoryInitiator - HHH000026: Second-level cache disabled
2026-02-13 18:31:16.484 [restartedMain] INFO  o.s.o.j.p.SpringPersistenceUnitInfo - No LoadTimeWeaver setup: ignoring JPA class transformer
2026-02-13 18:31:17.419 [restartedMain] INFO  o.h.e.t.j.p.i.JtaPlatformInitiator - HHH000489: No JTA platform available (set 'hibernate.transaction.jta.platform' to enable JTA platform integration)
2026-02-13 18:31:17.455 [restartedMain] INFO  o.s.o.j.LocalContainerEntityManagerFactoryBean - Initialized JPA EntityManagerFactory for persistence unit 'default'
2026-02-13 18:31:17.525 [restartedMain] INFO  o.s.s.c.a.a.c.InitializeAuthenticationProviderBeanManagerConfigurer$InitializeAuthenticationProviderManagerConfigurer - Global AuthenticationManager configured with AuthenticationProvider bean with name authenticationProvider
2026-02-13 18:31:17.526 [restartedMain] WARN  o.s.s.c.a.a.c.InitializeUserDetailsBeanManagerConfigurer$InitializeUserDetailsManagerConfigurer - Global AuthenticationManager configured with an AuthenticationProvider bean. UserDetailsService beans will not be used for username/password login. Consider removing the AuthenticationProvider bean. Alternatively, consider using the UserDetailsService in a manually instantiated DaoAuthenticationProvider.
2026-02-13 18:31:18.107 [restartedMain] INFO  o.s.d.j.r.query.QueryEnhancerFactory - Hibernate is in classpath; If applicable, HQL parser will be used.
2026-02-13 18:31:18.718 [restartedMain] WARN  o.s.b.a.o.j.JpaBaseConfiguration$JpaWebConfiguration - spring.jpa.open-in-view is enabled by default. Therefore, database queries may be performed during view rendering. Explicitly configure spring.jpa.open-in-view to disable this warning
2026-02-13 18:31:18.949 [restartedMain] INFO  o.s.b.a.w.s.WelcomePageHandlerMapping - Adding welcome page template: index
2026-02-13 18:31:19.304 [restartedMain] INFO  o.s.b.a.e.web.EndpointLinksResolver - Exposing 4 endpoints beneath base path '/actuator'
2026-02-13 18:31:20.045 [restartedMain] INFO  o.s.b.d.a.OptionalLiveReloadServer - LiveReload server is running on port 35729
2026-02-13 18:31:20.089 [restartedMain] INFO  o.a.coyote.http11.Http11NioProtocol - Starting ProtocolHandler ["http-nio-8080"]
2026-02-13 18:31:20.111 [restartedMain] INFO  o.s.b.w.e.tomcat.TomcatWebServer - Tomcat started on port 8080 (http) with context path '/'
2026-02-13 18:31:20.126 [restartedMain] INFO  c.e.m.ModernRestServiceApplication - Started ModernRestServiceApplication in 7.762 seconds (process running for 8.333)
2026-02-13 18:31:20.130 [scheduling-1] DEBUG c.e.m.config.MaintenanceScheduler - Scheduled cleanup tick at 2026-02-13T09:31:20.130645600Z
2026-02-13 18:31:27.622 [http-nio-8080-exec-1] INFO  o.a.c.c.C.[Tomcat].[localhost].[/] - Initializing Spring DispatcherServlet 'dispatcherServlet'
2026-02-13 18:31:27.622 [http-nio-8080-exec-1] INFO  o.s.web.servlet.DispatcherServlet - Initializing Servlet 'dispatcherServlet'
2026-02-13 18:31:27.624 [http-nio-8080-exec-1] INFO  o.s.web.servlet.DispatcherServlet - Completed initialization in 1 ms
2026-02-13 18:31:28.769 [http-nio-8080-exec-8] INFO  o.s.api.AbstractOpenApiResource - Init duration for springdoc-openapi is: 593 ms
